Korean_Word,English_Word,POS,Translational_Equivalence,Note,Korean_Source1,Korean_Source2,English_Source1,English_Source2
엉큼하다,sneaky,adjective,1,,,,Baron-Cohen_2010,
악의적인,spiteful,adjective,1,,,,Baron-Cohen_2010,
거뜬하다,refreshed,adjective,1,,Park_Min_2005,,,
거뜬하다,easy,adjective,1,,,,,
온정적인,compassionate,adjective,1,,,,,
가련하다,piteous,adjective,1,,Park_Min_2005,,,
연민하는,piteous,adjective,1,,,,,
불쌍하다,pitiful,adjective,1,,Park_Min_2005,,,
불쌍하다,piteous,adjective,1,,Park_Min_2005,,,
가엾다,piteous,adjective,1,,Park_Min_2005,,,
가엾다,pitiful,adjective,1,,Park_Min_2005,,,
딱하다,piteous,adjective,1,,Park_Min_2005,,,
딱하다,pitiful,adjective,1,,Park_Min_2005,,,
안쓰럽다,,adjective,0,(1) Feeling uneasy and sorry about getting help from and imposing on someone who is younger or weaker. (2) Feeling bad because someone's situation or circumstances are pitiful.,Park_Min_2005,,,
안쓰럽다,piteous,adjective,1,,Park_Min_2005,,,
측은하다,pitiful,adjective,1,,Park_Min_2005,,,
측은하다,piteous,adjective,1,,Park_Min_2005,,,
동정하는,sympathetic,adjective,1,,,,,
비련의,suffering,adjective,1,,,,,
비련의,tragic,adjective,1,,,,,
비참하다,dismal,adjective,1,,Park_Min_2005,,,
비참하다,miserable,adjective,1,,Park_Min_2005,,,
한심하다,pitiful,adjective,1,,Rhee_Ko_2013,,,
한심하다,pathetic,adjective,1,,Rhee_Ko_2013,,,
애잔하다,pitiful,adjective,1,,Park_Min_2005,,,
애잔하다,pathetic,adjective,1,,Park_Min_2005,,,
애처롭다,pathetic,adjective,1,,Park_Min_2005,,,
애처롭다,pitiful,adjective,1,,Park_Min_2005,,,
가소롭다,laughable,adjective,1,,Park_Min_2005,,,
가소롭다,absurd,adjective,1,,Park_Min_2005,,,
가소롭다,ridiculous,adjective,1,,Park_Min_2005,,,
가증스럽다,despicable,adjective,1,,Park_Min_2005,,,
가증스럽다,contemptable,adjective,1,,Park_Min_2005,,,
가증스럽다,detestable,adjective,1,,Park_Min_2005,,,
갈등하는,conflicting,adjective,1,,,,,
감개무량하다,emotional,adjective,1,,Park_Min_2005,,,
감상적인,sentimental,adjective,1,,,,,
감동한,touched,adjective,1,,,,,
감동한,affected,adjective,1,,,,,
감동한,moved,adjective,1,,,,,
감동하다,be touched,verb,1,,Park_Min_2005,,,
감동하다,be moved,verb,1,,Park_Min_2005,,,
뭉클하다,touching,adjective,1,,Park_Min_2005,,,
뭉클하다,moving,adjective,1,,Park_Min_2005,,,
감명받다,inspired,adjective,1,,,,,
감명받다,impressed,adjective,1,,,,,
감미롭다,mellow,adjective,1,,Park_Min_2005,,,
감미롭다,sweet,adjective,1,,Park_Min_2005,,,
감복하는,admiring,adjective,1,,,,,
감탄하는,admiring,adjective,1,,,,,
감탄하다,admire,verb,1,,Park_Min_2005,,,
감탄하다,marvel,verb,1,,Park_Min_2005,,,
경탄하는,admiring,adjective,1,,,,,
개탄스럽다,lamentable,adjective,1,,,,,
개탄스럽다,deplorable,adjective,1,,,,,
개탄스럽다,woeful,adjective,1,,,,,
거북하다,bloated,adjective,1,,,,,
거북하다,awkward,adjective,1,,Park_Min_2005,,,
거북하다,uncomfortable,adjective,1,,Park_Min_2005,,,
심려하는,worrying,adjective,1,,,,,
염려하는,worrying,adjective,1,,,,,
염려하는,apprehensive,adjective,1,,,,,
우려하는,apprehensive,adjective,1,,,,,
우려하는,worrying,adjective,1,,,,,
무섭다,frightening,adjective,1,,Park_Min_2005,,,
무섭다,scary,adjective,1,,Park_Min_2005,,,
두렵다,scary,adjective,1,,Park_Min_2005,,,
무시무시하다,terrifying,adjective,1,,Park_Min_2005,,,
공포스럽다,terrifying,adjective,1,,,,,
공포스럽다,fearful,adjective,1,,,,,
공포스럽다,horrifying,adjective,1,,,,,
성난,angry,adjective,1,,,,,
격분하다,be enraged,verb,1,,Park_Min_2005,,,
격분하다,outrage,verb,1,,Park_Min_2005,,,
격분하다,be raged,verb,1,,Park_Min_2005,,,
격분하다,be furious,verb,1,,Park_Min_2005,,,
격분하다,be infuriated,verb,1,,Park_Min_2005,,,
격노하다,be furious,verb,1,,Park_Min_2005,,,
격노하다,be raged,verb,1,,Park_Min_2005,,,
격노하다,be enraged,verb,1,,Park_Min_2005,,,
격노하다,be outraged,verb,1,,Park_Min_2005,,,
격노하다,be infuriated,verb,1,,Park_Min_2005,,,
진노하다,be enraged,verb,1,,Park_Min_2005,,,
진노하다,be furious,verb,1,,Park_Min_2005,,,
진노하다,be outraged,verb,1,,Park_Min_2005,,,
진노하다,be infuriated,verb,1,,Park_Min_2005,,,
진노하다,be raged,verb,1,,Park_Min_2005,,,
역정내는,enraged,adjective,1,,,,,
역정내는,outraged,adjective,1,,,,,
역정내는,furious,adjective,1,,,,,
역정내는,raged,adjective,1,,,,,
역정내는,infuriated,adjective,1,,,,,
노엽다,mad,adjective,1,,Park_Min_2005,,,
노엽다,angry,adjective,1,,Park_Min_2005,,,
노발대발하는,furious,adjective,1,,,,,
격동되다,turbulent,adjective,1,,Park_Min_2005,,,
통분하다,resentful,adjective,1,,,,,
통분하다,indignant,adjective,1,,,,,
원통하다,resentful,adjective,1,,Park_Min_2005,,,
원통하다,embittered,adjective,1,,Park_Min_2005,,,
화나다,angry,adjective,1,,Park_Min_2005,,,
열받다,angry,adjective,1,also: fired up,KOTE,Rhee_Ko_2013,,
동요된,unsettled,adjective,1,,,,,
동요된,agitated,adjective,1,,,,,
동요된,disturbed,adjective,1,,,,,
동요된,shaken,adjective,1,,,,,
경악한,astonished,adjective,1,,,,,
경악한,staggered,adjective,1,,,,,
경악한,amazed,adjective,1,,,,,
경악한,appalled,adjective,1,,,,,
경쾌하다,cheerful,adjective,1,,Park_Min_2005,,,
꺼림직하다,,adjective,0,"Feeling uncomfortable, reluctant, and uneasy",Park_Min_2005,,,
꺼림칙하다,,adjective,0,"Feeling uncomfortable, reluctant, and uneasy",,,,
께름직하다,,adjective,0,"Feeling uncomfortable, reluctant, and uneasy to a greater degree",Park_Min_2005,,,
끔찍하다,horrible,adjective,1,,Park_Min_2005,,,
끔찍하다,appalling,adjective,1,,,,,
끔찍하다,gruesome,adjective,1,,Park_Min_2005,,,
환희하는,exhilarated,adjective,1,,,,,
환희하는,exalted,adjective,1,,,,,
환희하는,elated,adjective,1,,,,,
황홀하다,raptured,adjective,1,,Park_Min_2005,,,
황홀하다,enraptured,adjective,1,,Park_Min_2005,,,
황홀하다,exalted,adjective,1,,Park_Min_2005,,,
황홀하다,euphoric,adjective,1,,Park_Min_2005,,,
황홀하다,ecstatic,adjective,1,,Park_Min_2005,,,
기쁘다,glad,adjective,1,,Park_Min_2005,,,
기쁘다,joyful,adjective,1,,Park_Min_2005,,,
기껍다,glad,adjective,1,,Park_Min_2005,,,
기껍다,joyful,adjective,1,,Park_Min_2005,,,
희희낙락하는,exhilarated,adjective,1,,,,,
희희낙락하는,rejoiced,adjective,1,,,,,
희희낙락하는,elated,adjective,1,,,,,
희희낙락하는,delighted,adjective,1,,,,,
흥겹다,merry,adjective,1,,Park_Min_2005,,,
흥겹다,cheerful,adjective,1,,Park_Min_2005,,,
행복하다,happy,adjective,1,,Park_Min_2005,,,
들뜨다,be excited,verb,1,,Park_Min_2005,,,
재미없다,boring,adjective,1,,KOTE,,,
재미없다,lame,adjective,1,,KOTE,,,
재미있다,enjoyable,adjective,1,,Park_Min_2005,KOTE,,
재미있다,amusing,adjective,1,,Park_Min_2005,KOTE,,
재미있다,fun,adjective,1,,Park_Min_2005,KOTE,,
웃기다,amusing,adjective,1,,Rhee_Ko_2013,,,
웃기다,funny,adjective,1,,Rhee_Ko_2013,,,
남부끄럽다,shameful,adjective,1,,Park_Min_2005,,,
남부끄럽다,ashamed,adjective,1,,Park_Min_2005,,,
남부럽다,envious,adjective,1,,Park_Min_2005,,,
낭패스럽다,,adjective,0,Feeling embarrassed as something goes awry or fall short of one's expectation,Park_Min_2005,,,
낯간지럽다,cringey,adjective,1,,Park_Min_2005,,,
낯간지럽다,shameful,adjective,1,,Park_Min_2005,,,
민망하다,awkward,adjective,1,,Park_Min_2005,,,
민망하다,cringey,adjective,1,,Park_Min_2005,,,
민망하다,embarrassing,adjective,1,,Park_Min_2005,,,
오글거리다,cheesy,adjective,1,,Rhee_Ko_2013,,,
오글거리다,cringey,adjective,1,,Rhee_Ko_2013,,,
낯뜨겁다,embarrassing,adjective,1,,Park_Min_2005,,,
낯뜨겁다,awkward,adjective,1,,Park_Min_2005,,,
낯뜨겁다,cringey,adjective,1,,Park_Min_2005,,,
속타다,,adjective,0,be in a stew (be worrie and troubled),Park_Min_2005,,,
떨리는,nervous,adjective,1,,,,,
초조하다,nervous,adjective,1,,Park_Min_2005,,,
초조하다,fretted,adjective,1,,Park_Min_2005,,,
초조하다,unsettled,adjective,1,,Park_Min_2005,,,
조마조마하다,anxious,adjective,1,,Park_Min_2005,,,
조마조마하다,nervous,adjective,1,,Park_Min_2005,,,
조마조마하다,uneasy,adjective,1,,Park_Min_2005,,,
아슬아슬하다,uneasy,adjective,1,,Park_Min_2005,,,
아슬아슬하다,anxious,adjective,1,,Park_Min_2005,,,
아슬아슬하다,nervous,adjective,1,,Park_Min_2005,,,
조바심,fret,noun,1,,,,,
조바심내는,fretful,adjective,1,,,,,
조바심내는,anxious,adjective,1,,,,,
고무되다,be encouraged,verb,1,,Park_Min_2005,,,
허전하다,empty,adjective,1,,Park_Min_2005,,,
괴롭다,agonizing,adjective,1,,Park_Min_2005,,,
괴롭다,painful,adjective,1,,Park_Min_2005,,,
괴롭다,distressed,adjective,1,,Park_Min_2005,,,
귀찮다,tiresome,adjective,1,,Park_Min_2005,,,
귀찮다,lazy,adjective,1,,Park_Min_2005,,,
성가시다,troublesome,adjective,1,,,,,
성가시다,pesky,adjective,1,,,,,
질겁하다,be flabbergasted,verb,1,,Park_Min_2005,,,
기겁하다,be flabbergasted,verb,1,,Park_Min_2005,,,
기겁하는,flabbergasted,adjective,1,,,,,
기겁하는,appalled,adjective,1,,,,,
질겁하는,flabbergasted,adjective,1,,,,,
질겁하는,appalled,adjective,1,,,,,
기고만장하다,,adjective,0,"go to one's head, be in one’s glory, be puffed up",Park_Min_2005,,,
의기양양하다,exultant,adjective,1,,Park_Min_2005,,,
의기양양하다,triumphant,adjective,1,,Park_Min_2005,,,
의기양양하다,jubilant,adjective,1,,Park_Min_2005,,,
놀랍다,alarming,adjective,1,,Park_Min_2005,,,
놀랍다,surprising,adjective,1,,Park_Min_2005,,,
놀랍다,astounding,adjective,1,,Park_Min_2005,,,
기막히다,fantastic,adjective,1,,Park_Min_2005,,,
기막히다,wonderful,adjective,1,,Park_Min_2005,,,
기막히다,flabbergasted,adjective,1,,,,,
기막히다,absurd,adjective,1,,,,,
기막히다,dumbfounded,adjective,1,,,,,
황당하다,ridiculous,adjective,1,,Park_Min_2005,,,
황당하다,absurd,adjective,1,,Park_Min_2005,,,
황당하다,far-fetched,adjective,1,,Park_Min_2005,,,
어이없다,dumbfounded,adjective,1,,Park_Min_2005,KOTE,,
어이없다,absurd,adjective,1,,Park_Min_2005,KOTE,,
즐겁다,amused,adjective,1,,Park_Min_2005,KOTE,,
즐겁다,amusing,adjective,1,,Park_Min_2005,KOTE,,
즐겁다,delightful,adjective,1,,Park_Min_2005,KOTE,,
즐겁다,delighted,adjective,1,,Park_Min_2005,KOTE,,
즐겁다,enjoyable,adjective,1,,Park_Min_2005,KOTE,,
즐겁다,pleasant,adjective,1,,Park_Min_2005,KOTE,,
어처구니없다,absurd,adjective,1,,Park_Min_2005,KOTE,,
어처구니없다,dumbfounded,adjective,1,,Park_Min_2005,KOTE,,
기절초풍한,flabbergasted,adjective,1,,,,,
기절초풍하다,be flabbergasted,verb,1,,Park_Min_2005,,,
압도당하는,overwhelmed,adjective,1,,,,,
압도당하는,overawed,adjective,1,,,,,
의기소침하다,discouraged,adjective,1,,Park_Min_2005,,,
의기소침하다,downhearted,adjective,1,,Park_Min_2005,,,
의기소침하다,dispirited,adjective,1,,Park_Min_2005,,,
긴장한,strained,adjective,1,,,,,
긴장한,unsettled,adjective,1,,,,,
긴장한,tense,adjective,1,,,,,
떠름하다,reluctant,adjective,1,,Park_Min_2005,,,
떠름하다,bewildered,adjective,1,,Park_Min_2005,,,
떫다,astringent,adjective,1,,Park_Min_2005,,,
떳떳하다,dignified,adjective,1,,Park_Min_2005,,,
떳떳하다,confident,adjective,1,,Park_Min_2005,,,
당당하다,confident,adjective,1,,Rhee_Ko_2013,,,
당당하다,dignified,adjective,1,,Rhee_Ko_2013,,,
뜨끔하다,hot,adjective,1,,,,,
뜨끔하다,pricked,adjective,1,,Park_Min_2005,,,
마땅찮다,unsatisfying,adjective,1,,Park_Min_2005,,,
마땅찮다,dissatisfatory,adjective,1,,Park_Min_2005,,,
안심하는,relieved,adjective,1,,,,,
망연하다,absentminded,adjective,1,,Park_Min_2005,,,
망연하다,vacant,adjective,1,,Park_Min_2005,,,
망연하다,blank,adjective,1,,Park_Min_2005,,,
사로잡힌,captive,adjective,1,,KOTE,,,
눈물겹다,painstaking,adjective,1,,Park_Min_2005,,,
눈물겹다,weepy,adjective,1,,Park_Min_2005,,,
눈물겹다,touching,adjective,1,,Park_Min_2005,,,
후회하는,remorseful,adjective,1,,,,,
후회하는,regretful,adjective,1,,,,,
회개하는,penitent,adjective,1,,,,,
회개하는,contrite,adjective,1,,,,,
회개하는,repentant,adjective,1,,,,,
반성하는,repentant,adjective,1,,,,,
반성하는,penitent,adjective,1,,,,,
뉘우치는,repentant,adjective,1,,,,,
뉘우치는,regretful,adjective,1,,,,,
뉘우치는,penitent,adjective,1,,,,,
유감스러운,regretful,adjective,1,,,,,
유감스러운,sorry,adjective,1,,,,,
유감스러운,unfortunate,adjective,1,,,,,
담담하다,calm,adjective,1,,Park_Min_2005,,,
담담하다,impassive,adjective,1,,Park_Min_2005,,,
덤덤하다,impassive,adjective,1,,Park_Min_2005,,,
덤덤하다,calm,adjective,1,,Park_Min_2005,,,
무덤덤하다,impassive,adjective,1,,Park_Min_2005,,,
무덤덤하다,calm,adjective,1,,Park_Min_2005,,,
무감동하다,apathetic,adjective,1,,Park_Min_2005,,,
무감동하다,impassive,adjective,1,,Park_Min_2005,,,
차분하다,placid,adjective,1,,Rhee_Ko_2013,,,
차분하다,composed,adjective,1,,Rhee_Ko_2013,,,
고달프다,weary,adjective,1,weary (of),KOTE,,,
고단하다,weary,adjective,1,weary (of),KOTE,,,
지겹다,weary,adjective,1,"weary (of). also: fed up, tired of",Park_Min_2005,,,
지겹다,bored,adjective,1,,Park_Min_2005,,,
질린,nauseated,adjective,1,,,,,
질린,sickened,adjective,1,also: fed up,,,,
질린,terrified,adjective,1,,,,,
질린,frightened,adjective,1,,,,,
질린,pale,adjective,1,,,,,
싫증난,weary,adjective,1,"also: fed up, tired of",,,,
싫증난,wearisome,adjective,1,,,,,
치떨리다,shuddering,adjective,1,,Park_Min_2005,,,
짜릿하다,exciting,adjective,1,,,,,
짜릿하다,electrified,adjective,1,,,,,
짜릿하다,electrifying,adjective,1,,,,,
짜릿하다,thrilling,adjective,1,,,,,
짜릿하다,tingling,adjective,1,,,,,
진저리나는,horrid,adjective,1,,,,,
진저리나는,shuddering,adjective,1,,,,,
권태롭다,bored,adjective,1,,Park_Min_2005,,,
식상하다,trite,adjective,1,,Park_Min_2005,,,
진부하다,cliché-ridden,adjective,1,,Park_Min_2005,,,
진부하다,hackneyed,adjective,1,,Park_Min_2005,,,
지루하다,dull,adjective,1,,Park_Min_2005,,,
지루하다,banal,adjective,1,,Park_Min_2005,,,
지루하다,boring,adjective,1,,Park_Min_2005,,,
지루하다,tedious,adjective,1,,Park_Min_2005,,,
따분하다,banal,adjective,1,,Park_Min_2005,,,
따분하다,boring,adjective,1,,Park_Min_2005,,,
따분하다,dull,adjective,1,,Park_Min_2005,,,
따분하다,tedious,adjective,1,,Park_Min_2005,,,
지리하다,tedious,adjective,1,,Park_Min_2005,,,
지리하다,dull,adjective,1,,Park_Min_2005,,,
지리하다,banal,adjective,1,,Park_Min_2005,,,
심심하다,banal,adjective,1,,Park_Min_2005,,,
심심하다,dull,adjective,1,,Park_Min_2005,,,
심심하다,boring,adjective,1,,Park_Min_2005,,,
심심하다,tedious,adjective,1,,Park_Min_2005,,,
무료하다,dreary,adjective,1,,Park_Min_2005,,,
무료하다,dull,adjective,1,,Park_Min_2005,,,
무료하다,bored,adjective,1,,Park_Min_2005,,,
당혹스럽다,confounding,adjective,1,,,,,
당혹스럽다,perplexing,adjective,1,,,,,
당혹스럽다,baffling,adjective,1,,,,,
당혹스럽다,bewildering,adjective,1,,,,,
당혹스럽다,puzzling,adjective,1,,,,,
곤혹스럽다,bewildering,adjective,1,,Park_Min_2005,,,
곤혹스럽다,baffling,adjective,1,,Park_Min_2005,,,
곤혹스럽다,confounding,adjective,1,,Park_Min_2005,,,
곤혹스럽다,puzzling,adjective,1,,Park_Min_2005,,,
곤혹스럽다,perplexing,adjective,1,,Park_Min_2005,,,
난처하다,awkward,adjective,1,,,,,
난처하다,embarrassing,adjective,1,,,,,
당황스럽다,puzzling,adjective,1,,,,,
당황스럽다,bewildering,adjective,1,,,,,
당황스럽다,baffling,adjective,1,,,,,
당황스럽다,confounding,adjective,1,,,,,
당황스럽다,perplexing,adjective,1,,,,,
부럽다,envious,adjective,1,,Park_Min_2005,,,
불만족하다,discontented,adjective,1,,Park_Min_2005,,,
불안하다,unsettled,adjective,1,,Park_Min_2005,,,
불안하다,anxious,adjective,1,,Park_Min_2005,,,
불편하다,uncomfortable,adjective,1,,Park_Min_2005,,,
불행하다,unhappy,adjective,1,,Park_Min_2005,,,
결연하다,determined,adjective,1,,,,,
결연하다,resolute,adjective,1,,,,,
엄숙하다,solemn,adjective,1,,,,,
엄숙하다,somber,adjective,1,,,,,
숙연하다,somber,adjective,1,,Park_Min_2005,,,
숙연하다,solemn,adjective,1,,Park_Min_2005,,,
뼈아프다,painful,adjective,1,,Park_Min_2005,,,
보람있다,rewarding,adjective,1,,,,,
보람있다,worthwhile,adjective,1,,,,,
보람차다,worthwhile,adjective,1,,Park_Min_2005,,,
보람차다,rewarding,adjective,1,,Park_Min_2005,,,
사랑스럽다,lovely,adjective,1,,Park_Min_2005,,,
흠모하는,admiring,adjective,1,,,,,
부끄럽다,bashful,adjective,1,,Park_Min_2005,KOTE,,
부끄럽다,shy,adjective,1,,Park_Min_2005,KOTE,,
부끄럽다,ashamed,adjective,1,,,,,
부끄럽다,shameful,adjective,1,,,,,
창피하다,embarrassed,adjective,1,,Park_Min_2005,,,
무색하다,sheepish,adjective,1,,Park_Min_2005,,,
무색하다,embarrassed,adjective,1,,Park_Min_2005,,,
무색하다,abashed,adjective,1,,Park_Min_2005,,,
무안하다,ashamed,adjective,1,,Park_Min_2005,,,
무안하다,abashed,adjective,1,,Park_Min_2005,,,
무안하다,sheepish,adjective,1,,Park_Min_2005,,,
무안하다,embarrassed,adjective,1,,Park_Min_2005,,,
멋쩍다,sheepish,adjective,1,,Park_Min_2005,,,
멋쩍다,bashful,adjective,1,,Park_Min_2005,,,
멋쩍다,abashed,adjective,1,,Park_Min_2005,,,
겸연쩍다,abashed,adjective,1,,Park_Min_2005,,,
겸연쩍다,bashful,adjective,1,,Park_Min_2005,,,
겸연쩍다,sheepish,adjective,1,,Park_Min_2005,,,
쑥스럽다,bashful,adjective,1,,Park_Min_2005,,,
쑥스럽다,sheepish,adjective,1,,Park_Min_2005,,,
쑥스럽다,abashed,adjective,1,,Park_Min_2005,,,
굴욕적이다,shameful,adjective,1,,,,,
굴욕적이다,degrading,adjective,1,,,,,
굴욕적이다,humiliating,adjective,1,,,,,
무력하다,helpless,adjective,1,,,,,
무력하다,incompetent,adjective,1,,,,,
미안하다,sorry,adjective,1,,Park_Min_2005,,,
질색하는,detesting,adjective,1,,,,,
혐오하는,detesting,adjective,1,,,,,
혐오하는,abhorrent,adjective,1,,,,,
혐오하는,repugnant,adjective,1,,,,,
증오하는,deploring,adjective,1,,,,,
증오하는,detesting,adjective,1,,,,,
역겹다,repulsive,adjective,1,,Park_Min_2005,,,
역겹다,repulsed,adjective,1,,Park_Min_2005,,,
역겹다,disgusting,adjective,1,,Park_Min_2005,,,
토나온다,disgusting,adjective,1,,Rhee_Ko_2013,,,
싫다,,adjective,0,"dislike' is closer to '싫어하다' than '싫다', but it seems like there is no direct translation in English to correctly (in POS and also in meaning) describe '싫다' that is different from '싫어하다'. ",Park_Min_2005,,,
토라진,sulky,adjective,1,,,,,
뾰로통하다,sullen,adjective,1,,Park_Min_2005,,,
뾰로통하다,sulky,adjective,1,,Park_Min_2005,,,
부루퉁하다,sulky,adjective,1,,,,,
샐쭉하다,sulky,adjective,1,,Park_Min_2005,,,
시무룩하다,glum,adjective,1,,Park_Min_2005,,,
시무룩하다,sullen,adjective,1,,Park_Min_2005,,,
풀죽다,sullen,adjective,1,,Park_Min_2005,,,
뚱하다,sullen,adjective,1,,,,,
침울하다,dismal,adjective,1,,Park_Min_2005,,,
침울하다,gloomy,adjective,1,,Park_Min_2005,,,
침통하다,grave,adjective,1,,Park_Min_2005,,,
침통하다,mournful,adjective,1,,Park_Min_2005,,,
켕기는,tightened,adjective,1,,,,,
태평스럽다,carefree,adjective,1,,Park_Min_2005,,,
태평스럽다,easy-going,adjective,1,,Park_Min_2005,,,
서먹하다,awkward,adjective,1,,Park_Min_2005,,,
어색하다,awkward,adjective,1,,Rhee_Ko_2013,,,
섭섭하다,,adjective,0,(1) sad and disappointing. (2) feeling sorry about someone or something leaving or disappearing.,Park_Min_2005,,,
야속하다,,adjective,0,"Feeling bad, sad, and disappointed of someone or someone's behavior",Park_Min_2005,,,
서운하다,,adjective,0,"sad and disappointing because one's expectation is not met, especially in a close interpersonal relationship",Park_Min_2005,,,
속상하다,disappointing,adjective,1,,Park_Min_2005,,,
속상하다,upsetting,adjective,1,,Park_Min_2005,,,
선뜩하다,chilly,adjective,1,,,,,
설레는,exciting,adjective,1,,Park_Min_2005,,,
설레는,fluttering,adjective,1,,Park_Min_2005,,,
간질간질하다,ticklish,adjective,1,,,,,
간질간질하다,,adjective,0,"strong, persistent, and irresistable desire to do something",,,,
간질간질하다,fluttering,adjective,1,,,,,
흥분한,excited,adjective,1,,,,,
격앙되다,agitated,adjective,1,,,,,
격앙하다,agitated,adjective,1,,Park_Min_2005,,,
격양되다,agitated,adjective,1,,,,,
격양하다,agitated,adjective,1,,,,,
수치스럽다,disgraceful,adjective,1,,,,,
수치스럽다,shameful,adjective,1,,,,,
스산하다,dreary,adjective,1,,Park_Min_2005,,,
스산하다,uneasy,adjective,1,,Park_Min_2005,,,
뒤숭숭하다,troubled,adjective,1,,Rhee_Ko_2013,,,
뒤숭숭하다,uneasy,adjective,1,,Rhee_Ko_2013,,,
애달프다,lonesome,adjective,1,,Park_Min_2005,,,
애달프다,dreary,adjective,1,,Park_Min_2005,,,
애달프다,heartbreaking,adjective,1,,Park_Min_2005,,,
애달프다,pitiful,adjective,1,,Park_Min_2005,,,
애닯다,lonesome,adjective,1,,Park_Min_2005,,,
애닯다,dreary,adjective,1,,Park_Min_2005,,,
애닯다,pitiful,adjective,1,,Park_Min_2005,,,
애닯다,heartbreaking,adjective,1,,Park_Min_2005,,,
처연하다,sorrowful,adjective,1,,Park_Min_2005,,,
구슬프다,sorrowful,adjective,1,,Park_Min_2005,,,
슬프다,sad,adjective,1,,Park_Min_2005,KOTE,,
서럽다,sorrowful,adjective,1,,Park_Min_2005,,,
비통하다,sad,adjective,1,,Park_Min_2005,,,
비통하다,sorrowful,adjective,1,,Park_Min_2005,,,
외롭다,lonely,adjective,1,,Park_Min_2005,,,
적적하다,lonely,adjective,1,,Park_Min_2005,,,
적적하다,lonesome,adjective,1,,Park_Min_2005,,,
쓸쓸하다,lonesome,adjective,1,,Park_Min_2005,,,
쓸쓸하다,dreary,adjective,1,,,,,
쓸쓸하다,gloomy,adjective,1,,,,,
고독하다,solitary,adjective,1,,Park_Min_2005,,,
고적하다,lonely,adjective,1,,Park_Min_2005,,,
시기하는,envious,adjective,1,,,,,
시샘하다,envy,verb,1,,Rhee_Ko_2013,,,
샘나는,envious,adjective,1,,,,,
샘내는,envious,adjective,1,,,,,
시큰둥하다,lukewarm,adjective,1,,Park_Min_2005,,,
시큰둥하다,tepid,adjective,1,,Park_Min_2005,,,
심드렁하다,tepid,adjective,1,,Park_Min_2005,,,
심드렁하다,lukewarm,adjective,1,,Park_Min_2005,,,
심드렁하다,blasé,adjective,1,,Park_Min_2005,,,
상쾌하다,breezy,adjective,1,,Park_Min_2005,,,
산뜻하다,breezy,adjective,1,,Rhee_Ko_2013,,,
상큼하다,refreshing,adjective,1,,Park_Min_2005,,,
상큼하다,refreshing,adjective,1,,,,,
심란하다,tumultuous,adjective,1,,Park_Min_2005,,,
심란하다,troubled,adjective,1,,Park_Min_2005,,,
씁쓸하다,bitter,adjective,1,,Park_Min_2005,,,
씁쓸하다,bitter,adjective,1,,,,,
불쾌하다,unpleasant,adjective,1,,Park_Min_2005,,,
아니꼽다,bitter,adjective,1,,Park_Min_2005,,,
아니꼽다,sickening,adjective,1,,Park_Min_2005,,,
거슬리는,irritating,adjective,1,,,,,
거슬리는,jarring,adjective,1,,,,,
아련하다,dim,adjective,1,,Park_Min_2005,,,
아련하다,vague,adjective,1,,Park_Min_2005,,,
아련하다,faint,adjective,1,,Park_Min_2005,,,
아리다,aching,adjective,1,,,,,
아리다,stinging,adjective,1,,,,,
아리다,aching,adjective,1,,Park_Min_2005,,,
안락하다,cozy,adjective,1,,Park_Min_2005,,,
안락하다,comfortable,adjective,1,,Park_Min_2005,,,
포근하다,cozy,adjective,1,,Rhee_Ko_2013,,,
평안하다,calm,adjective,1,,Park_Min_2005,,,
평안하다,peaceful,adjective,1,,Park_Min_2005,,,
평온하다,serene,adjective,1,,Park_Min_2005,,,
평온하다,calm,adjective,1,,Park_Min_2005,,,
평온하다,tranquil,adjective,1,,Park_Min_2005,,,
평화롭다,peaceful,adjective,1,,Park_Min_2005,,,
안타깝다,bummed,adjective,1,,Park_Min_2005,,,
안타깝다,compassionate,adjective,1,,,,,
아쉽다,,adjective,0,(1) Sorry and sad due to a lingering attachment. (2) Unsatisfied because what one needs is missing or deficient.,Park_Min_2005,,,
아연하다,dumbstruck,adjective,1,,Park_Min_2005,,,
아연하다,dumbfounded,adjective,1,,Park_Min_2005,,,
아찔하다,dizzy,adjective,1,,Park_Min_2005,,,
아찔하다,giddy,adjective,1,,Park_Min_2005,,,
암담하다,hopeless,adjective,1,,Park_Min_2005,,,
암담하다,dismal,adjective,1,,Park_Min_2005,,,
암담하다,gloomy,adjective,1,,Park_Min_2005,,,
암담하다,despairing,adjective,1,,Park_Min_2005,,,
암울하다,gloomy,adjective,1,,Park_Min_2005,,,
암울하다,grim,adjective,1,,Park_Min_2005,,,
우울하다,depressed,adjective,1,,Park_Min_2005,,,
우울하다,dismal,adjective,1,,Park_Min_2005,,,
우울하다,gloomy,adjective,1,,Park_Min_2005,,,
꿀꿀하다,gloomy,adjective,1,,Rhee_Ko_2013,,,
음울하다,gloomy,adjective,1,,Park_Min_2005,,,
음울하다,dismal,adjective,1,,Park_Min_2005,,,
애통하다,heartbreaking,adjective,1,,Park_Min_2005,,,
애통하다,grief-stricken,adjective,1,,Park_Min_2005,,,
애련하다,piteous,adjective,1,,Park_Min_2005,,,
애석하다,sad,adjective,1,,Park_Min_2005,,,
원망하다,resent,verb,1,,Park_Min_2005,,,
원망하는,resentful,adjective,1,,,,,
징그럽다,creepy,adjective,1,,,,,
열광하는,fanatic,adjective,1,,,,,
열광하는,frantic,adjective,1,,,,,
영광스럽다,honorable,adjective,1,,Park_Min_2005,,,
영광스럽다,glorious,adjective,1,,Park_Min_2005,,,
영예롭다,glorious,adjective,1,,Park_Min_2005,,,
영예롭다,honorable,adjective,1,,Park_Min_2005,,,
우습다,funny,adjective,1,,Park_Min_2005,KOTE,,
우습다,ridiculous,adjective,1,,Park_Min_2005,KOTE,,
좋음,goodness,noun,1,,,,,
좋다,good,adjective,1,,Park_Min_2005,,,
좋다,nice,adjective,1,,Park_Min_2005,,,
좌절하는,frustrated,adjective,1,,,,,
유쾌하다,cheerful,adjective,1,,Park_Min_2005,,,
유쾌하다,delightful,adjective,1,,Park_Min_2005,,,
미심쩍다,questionable,adjective,1,,,,,
의심쩍다,questionable,adjective,1,,KOTE,,,
의심쩍다,doubtful,adjective,1,,KOTE,,,
의심스럽다,doubtful,adjective,1,,,,,
의심스럽다,suspicious,adjective,1,,,,,
미심쩍다,suspicious,adjective,1,,,,,
미심쩍다,doubtful,adjective,1,,,,,
의아하다,strange,adjective,1,,Park_Min_2005,,,
의아하다,odd,adjective,1,,Park_Min_2005,,,
자랑스러움,pride,noun,1,,,,,
자랑스럽다,proud,adjective,1,,Park_Min_2005,,,
자신있다,confident,adjective,1,,,,,
자신만만하다,self-confident,adjective,1,,Park_Min_2005,,,
절박하다,desperate,adjective,1,,,,,
절망적이다,desperate,adjective,1,,,,,
자포자기한,desperate,adjective,1,,,,,
참담하다,tragic,adjective,1,,Park_Min_2005,,,
참담하다,miserable,adjective,1,,Park_Min_2005,,,
절절하다,earnest,adjective,1,,Park_Min_2005,,,
절절하다,ardent,adjective,1,,Park_Min_2005,,,
절절하다,eager,adjective,1,,Park_Min_2005,,,
간절하다,earnest,adjective,1,,Rhee_Ko_2013,,,
간절하다,desperate,adjective,1,,Rhee_Ko_2013,,,
간절하다,ardent,adjective,1,,Rhee_Ko_2013,,,
치욕스럽다,disgraced,adjective,1,,Park_Min_2005,,,
치욕스럽다,humiliated,adjective,1,,Park_Min_2005,,,
친애하는,beloved,adjective,1,,,,,
허망하다,forlorn,adjective,1,,Park_Min_2005,,,
허무하다,void,adjective,1,,Park_Min_2005,,,
허무하다,empty,adjective,1,,Park_Min_2005,,,
허탈하다,empty,adjective,1,,Park_Min_2005,,,
허탈하다,void,adjective,1,,Park_Min_2005,,,
허허롭다,void,adjective,1,,Park_Min_2005,,,
허허롭다,empty,adjective,1,,Park_Min_2005,,,
죄스럽다,guilty,adjective,1,,Park_Min_2005,,,
짜증난,annoyed,adjective,1,,,,,
짜증나는,annoying,adjective,1,,,,,
짜증나는,irritating,adjective,1,,,,,
착잡하다,conflicted,adjective,1,,Park_Min_2005,,,
처절하다,desperate,adjective,1,,Park_Min_2005,,,
처참하다,miserable,adjective,1,,Park_Min_2005,,,
처참하다,wretched,adjective,1,,Park_Min_2005,,,
,devastated,adjective,0,엄청난 충격을 받고 비탄에 빠진,,,,
홀가분하다,carefree,adjective,1,,Park_Min_2005,,,
홀가분하다,lighthearted,adjective,1,,Park_Min_2005,,,
황공하다,fearful,adjective,1,,Park_Min_2005,,,
황공하다,awe-struck,adjective,1,,Park_Min_2005,,,
압도된,awe-struck,adjective,1,,Morgan_Heise_1988,,,
황송하다,fearful,adjective,1,,Park_Min_2005,,,
황송하다,awe-struck,adjective,1,,Park_Min_2005,,,
후련하다,relieved,adjective,1,,Park_Min_2005,,,
시원섭섭하다,bittersweet,adjective,1,,Park_Min_2005,,,
시원섭섭하다,mixed,adjective,1,,Park_Min_2005,,,
흥미롭다,interesting,adjective,1,,Park_Min_2005,,,
흥미진진하다,absorbing,adjective,1,,Park_Min_2005,,,
흥미진진하다,engrossing,adjective,1,,Park_Min_2005,,,
흥미진진하다,gripping,adjective,1,,Park_Min_2005,,,
가혹하다,merciless,adjective,1,,Rhee_Ko_2013,,,
가혹하다,harsh,adjective,1,,Rhee_Ko_2013,,,
고맙다,thankful,adjective,1,,Park_Min_2005,,,
갑작스럽다,abrupt,adjective,1,,Rhee_Ko_2013,,,
고통스럽다,painstaking,adjective,1,,Rhee_Ko_2013,,,
고통스럽다,painful,adjective,1,,Rhee_Ko_2013,,,
관심없다,interested,adjective,1,,,,,
관심있다,uninterested,adjective,1,,Rhee_Ko_2013,,,
괜찮다,fine,adjective,1,,Rhee_Ko_2013,,,
괜찮다,nice,adjective,1,,Rhee_Ko_2013,,,
멋지다,splendid,adjective,1,,Rhee_Ko_2013,,,
멋지다,awesome,adjective,1,,Rhee_Ko_2013,,,
멋있다,nice,adjective,1,,KOTE,,,
멋있다,elegant,adjective,1,,KOTE,,,
굉장하다,impressive,adjective,1,,Rhee_Ko_2013,,,
굉장하다,amazing,adjective,1,,Rhee_Ko_2013,,,
깜찍하다,cute,adjective,1,,,,,
귀엽다,lovely,adjective,1,,Rhee_Ko_2013,KOTE,,
귀엽다,cute,adjective,1,,Rhee_Ko_2013,KOTE,,
귀엽다,adorable,adjective,1,,Rhee_Ko_2013,KOTE,,
예쁘다,pretty,adjective,1,,Rhee_Ko_2013,KOTE,,
아름답다,beautiful,adjective,1,,Rhee_Ko_2013,,,
경이로워하다,marvel,verb,1,,Rhee_Ko_2013,,,
경이롭다,marvelous,adjective,1,,Rhee_Ko_2013,,,
기묘하다,peculiar,adjective,1,,Rhee_Ko_2013,,,
기묘하다,odd,adjective,1,,Rhee_Ko_2013,,,
묘하다,odd,adjective,1,,Rhee_Ko_2013,,,
묘하다,peculiar,adjective,1,,Rhee_Ko_2013,,,
낭만,romance,noun,1,,,,,
낭만적이다,romantic,adjective,1,,Rhee_Ko_2013,,,
낯설다,unfamiliar,adjective,1,,Rhee_Ko_2013,,,
냉혹하다,cold-hearted,adjective,1,,Rhee_Ko_2013,,,
냉혹하다,cold-blooded,adjective,1,,Rhee_Ko_2013,,,
달달하다,sweet,adjective,1,,Rhee_Ko_2013,,,
대단함,greatness,noun,1,,,,,
대단하다,worthy,adjective,1,,Rhee_Ko_2013,KOTE,,
대단하다,praiseworthy,adjective,1,,Rhee_Ko_2013,KOTE,,
대단하다,great,adjective,1,,Rhee_Ko_2013,KOTE,,
든든하다,assuring,adjective,1,,Rhee_Ko_2013,,,
든든하다,assured,adjective,1,,Rhee_Ko_2013,,,
든든하다,reassured,adjective,1,,Rhee_Ko_2013,,,
든든하다,full,adjective,1,,,,,
독하다,spiteful,adjective,1,,Rhee_Ko_2013,,Baron-Cohen_2010,
독하다,dogged,adjective,1,,Rhee_Ko_2013,,,
드라마틱하다,dramatic,adjective,1,,Rhee_Ko_2013,,,
따뜻하다,warm,adjective,1,,Rhee_Ko_2013,,,
따뜻하다,warm,adjective,1,,,,,
떨리다,be nervous,verb,1,,Rhee_Ko_2013,,,
먹먹하다,,adjective,0,feeling lump in one's throat because of being moved / being sad,Rhee_Ko_2013,,,
번뇌하는,anguished,adjective,1,,,,,
번민하는,anguished,adjective,1,,,,,
마음고생하는,anguished,adjective,1,,Rhee_Ko_2013,,,
마음고생하다,anguish,verb,1,,Rhee_Ko_2013,,,
망극하다,,adjective,0,"feeling great grief because a bad thing has happened to his/her king, parents, or friend, etc.",Rhee_Ko_2013,,,
민감하다,sensitive,adjective,1,,Rhee_Ko_2013,,,
벅차다,overwhelming,adjective,1,,Rhee_Ko_2013,,,
벅차다,ecstatic,adjective,1,,,,,
벅차다,breathless,adjective,1,,,,,
볼만하다,,adjective,0,worth seeing,Rhee_Ko_2013,,,
부담스럽다,burdened,adjective,1,,Rhee_Ko_2013,,,
부드럽다,soft,adjective,1,,Rhee_Ko_2013,,,
뻔뻔하다,shameless,adjective,1,,Rhee_Ko_2013,,,
생생하다,vivid,adjective,1,,Rhee_Ko_2013,,,
선선하다,cool,adjective,1,,Rhee_Ko_2013,,,
섬세하다,delicate,adjective,1,,Rhee_Ko_2013,,,
세심하다,careful,adjective,1,,Rhee_Ko_2013,,,
세심하다,scrupulous,adjective,1,,Rhee_Ko_2013,,,
섹시하다,sexy,adjective,1,,Rhee_Ko_2013,,,
소소한,small,adjective,1,,Rhee_Ko_2013,,,
소심함,timidity,noun,1,,,,,
소심하다,timid,adjective,1,,Rhee_Ko_2013,,,
소중하다,precious,adjective,1,,Rhee_Ko_2013,,,
소중하다,valuable,adjective,1,,Rhee_Ko_2013,,,
솔직함,honesty,noun,1,,,,,
솔직하다,honest,adjective,1,,Rhee_Ko_2013,,,
쇼킹,shocking,adjective,1,,Rhee_Ko_2013,,,
수줍음,shyness,noun,1,,,,,
수줍다,shy,adjective,1,,Rhee_Ko_2013,,,
순수함,innocence,noun,1,,,,,
순수하다,innocent,adjective,1,,Rhee_Ko_2013,,,
순수하다,pure,adjective,1,,Rhee_Ko_2013,,,
시달리다,suffer,verb,1,,Rhee_Ko_2013,,,
가슴 시린,sad,adjective,1,,Rhee_Ko_2013,,,
신기하다,surprising,adjective,1,,Rhee_Ko_2013,,,
신중하다,careful,adjective,1,,Rhee_Ko_2013,,,
신중하다,prudent,adjective,1,,Rhee_Ko_2013,,,
싱싱하다,fresh,adjective,1,,Rhee_Ko_2013,,,
쌀쌀함,chiliness,noun,1,,,,,
쌀쌀하다,cold,adjective,1,,Rhee_Ko_2013,,,
쌀쌀하다,chilly,adjective,1,,Rhee_Ko_2013,,,
썰렁하다,cold,adjective,1,,Rhee_Ko_2013,,,
썰렁하다,chilly,adjective,1,,Rhee_Ko_2013,,,
쓰라리다,bitter,adjective,1,,Rhee_Ko_2013,,,
쓰라리다,sore,adjective,1,,,,,
아프다,painful,adjective,1,,Rhee_Ko_2013,,,
다친,hurt,adjective,1,,,,,
상처받은,hurt,adjective,1,,,,,
아프다,hurt,adjective,1,,Rhee_Ko_2013,,,
악하다,evil,adjective,1,,Rhee_Ko_2013,,,
연약하다,frail,adjective,1,,Rhee_Ko_2013,,,
연약하다,delicate,adjective,1,,Rhee_Ko_2013,,,
어지럽다,dizzy,adjective,1,,Rhee_Ko_2013,,,
여유있다,composed,adjective,1,,Rhee_Ko_2013,,,
여유있다,relaxed,adjective,1,,Rhee_Ko_2013,,,
탐욕스러운,avaricious,adjective,1,,,,,
욕망하는,desiring,adjective,1,,,,,
열망하는,longing,adjective,1,,,,,
열망하는,aspiring,adjective,1,,,,,
오싹하다,spooky,adjective,1,,Rhee_Ko_2013,,,
완연하다,evident,adjective,1,,Rhee_Ko_2013,,,
완연하다,obvious,adjective,1,,Rhee_Ko_2013,,,
용서하는,forgiving,adjective,1,,,,,
갈망하는,longing,adjective,1,,,,,
갈망하는,yearning,adjective,1,,,,,
동경하는,longing,adjective,1,,,,,
동경하는,yearning,adjective,1,,,,,
그립다,longing,adjective,1,,Park_Min_2005,KOTE,,
그립다,missing,adjective,1,,Park_Min_2005,KOTE,,
그립다,wistful,adjective,1,,Park_Min_2005,KOTE,,
원하는,wanting,adjective,1,,,,,
부족한,wanting,adjective,1,,,,,
위협적이다,threatening,adjective,1,,Rhee_Ko_2013,,,
위협적이다,intimidatory,adjective,1,,Rhee_Ko_2013,,,
은혜롭다,merciful,adjective,1,,Rhee_Ko_2013,,,
은혜롭다,benevolent,adjective,1,,Rhee_Ko_2013,,,
인상적이다,impressive,adjective,1,,Rhee_Ko_2013,,,
잔잔하다,still,adjective,1,,Rhee_Ko_2013,,,
자유롭다,liberated,adjective,1,,Rhee_Ko_2013,,,
자유롭다,free,adjective,1,,Rhee_Ko_2013,,,
잔인하다,cruel,adjective,1,,Rhee_Ko_2013,,,
절묘하다,exquisite,adjective,1,,Rhee_Ko_2013,,,
절묘하다,sublime,adjective,1,,Rhee_Ko_2013,,,
절실하다,desperate,adjective,1,,Rhee_Ko_2013,,,
존경하는,admiring,adjective,1,,,,,
중대하다,significant,adjective,1,,Rhee_Ko_2013,,,
지저분하다,dirty,adjective,1,,Rhee_Ko_2013,,,
지저분하다,messy,adjective,1,,Rhee_Ko_2013,,,
지혜롭다,wise,adjective,1,,Rhee_Ko_2013,,,
진솔하다,sincere,adjective,1,,Rhee_Ko_2013,,,
진실되다,genuine,adjective,1,,Rhee_Ko_2013,,,
진실되다,sincere,adjective,1,,Rhee_Ko_2013,,,
촉촉하다,moist,adjective,1,,Rhee_Ko_2013,,,
최고,the best,noun,1,,Rhee_Ko_2013,,,
최악,the worst,noun,1,,Rhee_Ko_2013,,,
최고의,best,adjective,1,,,,,
최악의,worst,adjective,1,,,,,
축하하는,celebrating,adjective,1,,,,,
축하하는,congratulating,adjective,1,,,,,
치열하다,intense,adjective,1,,Rhee_Ko_2013,,,
치열하다,fierce,adjective,1,,Rhee_Ko_2013,,,
친근하다,familiar,adjective,1,,Rhee_Ko_2013,,,
친근하다,close,adjective,1,,Rhee_Ko_2013,,,
쿨하다,cool,adjective,1,,Rhee_Ko_2013,,,
풍성하다,ample,adjective,1,,Rhee_Ko_2013,,,
풍성하다,plentiful,adjective,1,,Rhee_Ko_2013,,,
수척하다,gaunt,adjective,1,,KOTE,,,
피곤하다,tired,adjective,1,also: worn out,Rhee_Ko_2013,,,
힘,energy,noun,1,,,,,
힘겹다,uphill,adjective,1,,Rhee_Ko_2013,,,
힘겹다,difficult,adjective,1,,Rhee_Ko_2013,,,
힘겹다,tough,adjective,1,,Rhee_Ko_2013,,,
고되다,arduous,adjective,1,,KOTE,,,
힘들다,hard,adjective,1,,Rhee_Ko_2013,,,
힘들다,arduous,adjective,1,,Rhee_Ko_2013,,,
무기력하다,lethargic,adjective,1,,,,,
힘없다,lethargic,adjective,1,,Rhee_Ko_2013,,,
힘차다,energetic,adjective,1,,Rhee_Ko_2013,,,
힘차다,vigorous,adjective,1,,Rhee_Ko_2013,,,
활기차다,vigorous,adjective,1,,,,,
활기차다,energetic,adjective,1,,,,,
하찮다,trivial,adjective,1,,Rhee_Ko_2013,,,
해맑다,innocent,adjective,1,,Rhee_Ko_2013,,,
해맑다,bright,adjective,1,,Rhee_Ko_2013,,,
향기,fragrance,noun,1,,,,,
향기롭다,fragrant,adjective,1,,Rhee_Ko_2013,,,
혼란스럽다,confusing,adjective,1,,Rhee_Ko_2013,,,
화끈하다,firing,adjective,1,,Rhee_Ko_2013,,,
확신하는,convinced,adjective,1,,,,,
환상적이다,fantastic,adjective,1,,Rhee_Ko_2013,,,
활발하다,active,adjective,1,,Rhee_Ko_2013,,,
마지못하다,reluctant,adjective,1,,,,,
싱겁다,insipid,adjective,1,,,,,
싱겁다,flavourless,adjective,1,,,,,
싱겁다,dull,adjective,1,,KOTE,,,
싱겁다,insipid,adjective,1,,KOTE,,,
아끼는,cherishing,adjective,1,,KOTE,,,
아끼는,saving,adjective,1,,,,,
새로운,new,adjective,1,,KOTE,,,
환영하는,welcoming,adjective,1,,,,,
우호적인,agreeable,adjective,1,,,,,
열렬하다,fervent,adjective,1,,,,,
신뢰하는,trusting,adjective,1,,,,,
친밀하다,intimate,adjective,1,,,,,
각별하다,special,adjective,1,,KOTE,,,
숭상하는,glorifying,adjective,1,,,,,
몰두한,absorbed,adjective,1,,,,Baron-Cohen_2010,
수용된,accepted,adjective,1,,,,,
수용하는,accepting,adjective,1,,,,Baron-Cohen_2010,
비난받는,accused,adjective,1,,,,,
비난하는,accusing,adjective,1,,,,Baron-Cohen_2010,
,accusing,adjective,0,혐의를 제기하는,,,Baron-Cohen_2010,
흠모하는,adoring,adjective,1,,,,Baron-Cohen_2010,
다정하다,affectionate,adjective,1,,,,Baron-Cohen_2010,
다정하다,beloving,adjective,1,,,,,
다정하다,loving,adjective,1,,,,,
애정어리다,affectionate,adjective,1,,,,Baron-Cohen_2010,
무서워하는,afraid,adjective,1,,,,Baron-Cohen_2010,Morgan_Heise_1988
두려워하는,afraid,adjective,1,,,,Baron-Cohen_2010,Morgan_Heise_1988
공격적이다,aggressive,adjective,1,,,,Baron-Cohen_2010,
두려워하는,alarmed,adjective,1,,,,Baron-Cohen_2010,
무서워하는,alarmed,adjective,1,,,,,
놀란,astounded,adjective,1,,,,,
놀란,alarmed,adjective,1,,,,,
놀란,shocked,adjective,1,,,,,
기민하다,alert,adjective,1,,,,Baron-Cohen_2010,
경계,alertness,noun,1,,,,,
경계하는,alert,adjective,1,,,,,
재미있다,amused,adjective,1,,,,Baron-Cohen_2010,Morgan_Heise_1988
약오르는,annoying,adjective,1,,,,Baron-Cohen_2010,Morgan_Heise_1988
짜증나는,annoying,adjective,1,,,,Baron-Cohen_2010,Morgan_Heise_1988
미안해하는,apologetic,adjective,1,,,,Baron-Cohen_2010,
찬성하는,approving,adjective,1,,,,Baron-Cohen_2010,
,argumentative,adjective,0,따지기를 좋아하는,,,Baron-Cohen_2010,
,argumentative,adjective,0,시비 거는,,,Baron-Cohen_2010,
평가하는,assessing,adjective,1,,,,Baron-Cohen_2010,
경악한,astounded,adjective,1,,,,Baron-Cohen_2010,
공격받은,attacked,adjective,1,,,,Baron-Cohen_2010,
매료된,enamored,adjective,1,,,,,
매료된,attracted,adjective,1,,,,Baron-Cohen_2010,
의식하는,aware,adjective,1,,,,Baron-Cohen_2010,
,bad-tempered,adjective,0,곧잘 성질을 내는,,,Baron-Cohen_2010,
당혹스럽다,baffled,adjective,1,,,,Baron-Cohen_2010,
뽐내는,boastful,adjective,1,,,,Baron-Cohen_2010,
용감하다,bold,adjective,1,,,,Baron-Cohen_2010,
성가시다,bothering,adjective,1,,,,Baron-Cohen_2010,
용감함,bravery,noun,1,,,,,
용감하다,brave,adjective,1,,,,Baron-Cohen_2010,
상심하다,be broken-hearted,verb,1,,,,Baron-Cohen_2010,
타산적인,calculating,adjective,1,,,,Baron-Cohen_2010,
배려하는,caring,adjective,1,,,,Baron-Cohen_2010,
,cared,adjective,0,타인에게서 그들의 애정을 바탕으로 걱정을 받거나 보살펴지다,,,,
조심스럽다,cautious,adjective,1,,,,Baron-Cohen_2010,
확신하는,certain,adjective,1,,,,Baron-Cohen_2010,
,challenged,adjective,0,어려움에 직면한,,,,
,challenging,adjective,0,도전 의식을 북돋우는,,,Baron-Cohen_2010,
,charitable,adjective,0,자선을 베푸는,,,Baron-Cohen_2010,
매혹된,charmed,adjective,1,,,,Baron-Cohen_2010,Morgan_Heise_1988
속은,cheated,adjective,1,,,,Baron-Cohen_2010,
고무된,cheered,adjective,1,,,,Baron-Cohen_2010,Morgan_Heise_1988
,clueless,adjective,0,잘 모르는,,,Baron-Cohen_2010,
,clueless,adjective,0,할 줄 모르는,,,Baron-Cohen_2010,
자만하는,cocky,adjective,1,,,,Baron-Cohen_2010,
위로받은,comforted,adjective,1,,,,Baron-Cohen_2010,
위로하는,commiserating,adjective,1,,,,Baron-Cohen_2010,
불평하는,complaining,adjective,1,,,,Baron-Cohen_2010,
자만하는,conceited,adjective,1,,,,Baron-Cohen_2010,
집중하는,concentrating,adjective,1,,,,Baron-Cohen_2010,
잘난척하는,condescending,adjective,1,,,,Baron-Cohen_2010,
거들먹거리는,condescending,adjective,1,,,,Baron-Cohen_2010,
,confrontational,adjective,0,"의견 불일치를 표출하는, 반대 의견을 드러내는, 논쟁을 일으킬 가능성이 있는 비우호적인 방식으로 행동하는",,,Baron-Cohen_2010,
직면하는,confronted,adjective,1,,,,Baron-Cohen_2010,
혼란스럽다,confused,adjective,1,,,,Baron-Cohen_2010,
사려깊은,thoughtful,adjective,1,,,,Baron-Cohen_2010,
배려하는,considerate,adjective,1,,,,Baron-Cohen_2010,
엇나가는,contrary,adjective,1,,,,Baron-Cohen_2010,
버릇없는,contrary,adjective,1,,,,Baron-Cohen_2010,
,controlled,adjective,0,"세심히 계획 및 관리된, 면밀히 계산된",,,Baron-Cohen_2010,
제어받는,controlled,adjective,1,,,,,
관리하는,controlled,adjective,1,,,,,
협조적인,cooperative,adjective,1,,,,Baron-Cohen_2010,
협력하는,cooperative,adjective,1,,,,Baron-Cohen_2010,
용감하다,courageous,adjective,1,,,,Baron-Cohen_2010,
겁이 많은,cowardly,adjective,1,,,,Baron-Cohen_2010,
소심하다,cowardly,adjective,1,,,,Baron-Cohen_2010,
교활함,cunning,noun,1,,,,,
교활하다,crafty,adjective,1,,,,Baron-Cohen_2010,
짜증내는,cranky,adjective,1,,,,Baron-Cohen_2010,
갈망하는,craving,adjective,1,,,,,
열망하는,craving,adjective,1,,,,,
비난하는,critical,adjective,1,,,,Baron-Cohen_2010,
비판적이다,critical,adjective,1,,,,Baron-Cohen_2010,
짜증난,cross,adjective,1,(get) cross (with),,,Baron-Cohen_2010,
으깨진,crushed,adjective,1,,,,Baron-Cohen_2010,Morgan_Heise_1988
,crushed,adjective,0,마음이 무너질 정도로 슬프거나 놀란,,,,
교활하다,cunning,adjective,1,,,,Baron-Cohen_2010,
,curious,adjective,0,호기심이 많은,,,Baron-Cohen_2010,
대담하다,daring,adjective,1,,,,Baron-Cohen_2010,
몽상하는,daydreaming,adjective,1,,,,Baron-Cohen_2010,
,dazed,adjective,0,(특히 부상이나 충격으로 인해) 혼란스럽거나 멍해져 명확하게 생각할 수 없는,,,Baron-Cohen_2010,
방어적이다,defensive,adjective,1,,,,Baron-Cohen_2010,
확고한,definite,adjective,1,,,,Baron-Cohen_2010,
,demanding,adjective,0,요구가 많은,,,Baron-Cohen_2010,
무심하다,detached,adjective,1,,,,Baron-Cohen_2010,
기만적이다,devious,adjective,1,,,,Baron-Cohen_2010,
헌신적이다,devoted,adjective,1,,,,Baron-Cohen_2010,
,dictating,adjective,0,(특히 듣는 사람이 기분 나쁘게)지시하는,,,Baron-Cohen_2010,
불쾌하다,disagreeable,adjective,1,,,,Baron-Cohen_2010,
,disapproving,adjective,0,못마땅해 하는,,,,
못마땅하다,displeased,adjective,1,,,,,
불신하는,disbelieving,adjective,1,,,,Baron-Cohen_2010,
불편하다,discomforting,adjective,1,,,,,
좌절스러운,discouraging,adjective,1,,,,Baron-Cohen_2010,
공정하다,disinterested,adjective,1,,,,Baron-Cohen_2010,
객관적이다,disinterested,adjective,1,,,,Baron-Cohen_2010,
무관심하다,disinterested,adjective,1,,,,Baron-Cohen_2010,
,dismayed,adjective,0,충격받고 실망한,,,Baron-Cohen_2010,
,consternated,adjective,0,경악하고 실망한,,,,
실례되는,disrespectful,adjective,1,,,,Baron-Cohen_2010,
무례하다,disrespectful,adjective,1,,,,Baron-Cohen_2010,
불만스럽다,dissatisfied,adjective,1,,,,Baron-Cohen_2010,Morgan_Heise_1988
,distant,adjective,0,"멀게 느껴지는, 거리감이 느껴지는",,,Baron-Cohen_2010,
역겹다,distasteful,adjective,1,,,,,
불쾌하다,distasteful,adjective,1,,,,,
산만하다,distracted,adjective,1,,,,Baron-Cohen_2010,
괴롭다,distressful,adjective,1,,,,,
불신하는,distrustful,adjective,1,,,,,
지배하는,dominated,adjective,1,,,,Baron-Cohen_2010,
,dreamy,adjective,0,꿈을 꾸는 듯한,,,Baron-Cohen_2010,
환상적이다,dreamy,adjective,1,,,,Baron-Cohen_2010,
몽환적이다,dreamy,adjective,1,,,,Baron-Cohen_2010,
꿈같다,dreamy,adjective,1,,,,Baron-Cohen_2010,
공상적이다,dreamy,adjective,1,,,,Baron-Cohen_2010,
열렬하다,enthusiastic,adjective,1,,,,Baron-Cohen_2010,
매료된,fascinated,adjective,1,,,,Baron-Cohen_2010,
뿌듯하다,flattered,adjective,1,,,,Baron-Cohen_2010,
우쭐한,flattered,adjective,1,,,,Baron-Cohen_2010,
영광스럽다,flattered,adjective,1,,,,Baron-Cohen_2010,
으쓱한,flattered,adjective,1,,,,Baron-Cohen_2010,
집중한,focused,adjective,1,,,,Baron-Cohen_2010,
좋아하는,fond,adjective,1,fond (of),,,Baron-Cohen_2010,
애정하는,fond,adjective,1,fond (of),,,Baron-Cohen_2010,
어리석은,foolish,adjective,1,,,,Baron-Cohen_2010,
험악한,forbidding,adjective,1,,,,Baron-Cohen_2010,
금지하는,forbidding,adjective,1,,,,Baron-Cohen_2010,
단호한,forceful,adjective,1,,,,Baron-Cohen_2010,
강력한,forceful,adjective,1,,,,Baron-Cohen_2010,
친절하다,friendly,adjective,1,,,,Baron-Cohen_2010,
너그럽다,generous,adjective,1,,,,Baron-Cohen_2010,
온화하다,gentle,adjective,1,,,,Baron-Cohen_2010,
감사하다,grateful,adjective,1,,,,Baron-Cohen_2010,
감사하는,appreciating,adjective,1,,,,,
감사하는,grateful,adjective,1,,,,Baron-Cohen_2010,
투덜대는,grouchy,adjective,1,,,,Baron-Cohen_2010,
심술궂은,grumpy,adjective,1,,,,Baron-Cohen_2010,
시달리는,hassled,adjective,1,,,,Baron-Cohen_2010,
비통하다,heartbroken,adjective,1,,,,Baron-Cohen_2010,
열띠다,heated,adjective,1,,,,Baron-Cohen_2010,
유익하다,helpful,adjective,1,,,,Baron-Cohen_2010,
,helpful,adjective,0,"기꺼이 돕는, 도와주려 하는",,,Baron-Cohen_2010,
공허하다,hollow,adjective,1,,,,Baron-Cohen_2010,
,homesick,adjective,0,향수병을 앓는,,,Baron-Cohen_2010,Morgan_Heise_1988
희망하는,hopeful,adjective,1,,,,Baron-Cohen_2010,
섬찟하다,horrified,adjective,1,,,,Baron-Cohen_2010,Morgan_Heise_1988
섬뜩하다,horrified,adjective,1,,,,Baron-Cohen_2010,Morgan_Heise_1988
몸서리치는,horrified,adjective,1,,,,Baron-Cohen_2010,Morgan_Heise_1988
유쾌하다,humored,adjective,1,,,,Baron-Cohen_2010,
서두르는,hurried,adjective,1,,,,Baron-Cohen_2010,
무시된,ignored,adjective,1,,,,Baron-Cohen_2010,
안달하는,impatient,adjective,1,,,,Baron-Cohen_2010,Morgan_Heise_1988
상처받은,injured,adjective,1,,,,Baron-Cohen_2010,
다친,injured,adjective,1,,,,,
모욕적이다,insulting,adjective,1,,,,Baron-Cohen_2010,
관여하는,involved,adjective,1,,,,Baron-Cohen_2010,
열중하는,involved,adjective,1,,,,Baron-Cohen_2010,
짜증난,irritated,adjective,1,,,,Baron-Cohen_2010,Morgan_Heise_1988
질투하는,jealous,adjective,1,,,,Baron-Cohen_2010,Morgan_Heise_1988
농담하는,joking,adjective,1,,,,Baron-Cohen_2010,
행복하다,jolly,adjective,1,,,,Baron-Cohen_2010,
즐겁다,jolly,adjective,1,,,,Baron-Cohen_2010,
매력적이다,attracting,adjective,1,,,,,
매력적이다,jolly,adjective,1,,,,Baron-Cohen_2010,
,joyless,adjective,0,기쁨이 없는,,,Morgan_Heise_1988,
환희하는,overjoyed,adjective,1,,,,Baron-Cohen_2010,Morgan_Heise_1988
판단하는,judging,adjective,1,,,,Baron-Cohen_2010,
조마조마하다,jumpy,adjective,1,,,,Baron-Cohen_2010,
열렬하다,keen,adjective,1,,,,Baron-Cohen_2010,
친절하다,kind,adjective,1,,,,Baron-Cohen_2010,
,knowing,adjective,0,다 안다는 듯한,,,Baron-Cohen_2010,
선호되는,liked,adjective,1,,,,Baron-Cohen_2010,
,liked,adjective,0,좋아함 받는,,,Baron-Cohen_2010,
경청하는,listening,adjective,1,,,,Baron-Cohen_2010,
활발하다,lively,adjective,1,,,,Baron-Cohen_2010,
잃어버린,lost,adjective,1,,,,,
,lost,adjective,0,상실감을 느끼는,,,Baron-Cohen_2010,
,lovesick,adjective,0,상사병이 난,,,Baron-Cohen_2010,Morgan_Heise_1988
낮은,low,adjective,1,,,,,
우울하다,low,adjective,1,,,,Baron-Cohen_2010,Morgan_Heise_1988
충성스럽다,loyal,adjective,1,,,,Baron-Cohen_2010,
거짓말하는,lying,adjective,1,,,,Baron-Cohen_2010,
,lying,adjective,0,누워 있는,,,Baron-Cohen_2010,
,lying,adjective,0,놓여 있는,,,Baron-Cohen_2010,
못되다,mean,adjective,1,,,,Baron-Cohen_2010,
,mischievous,adjective,0,해를 끼치는,,,Baron-Cohen_2010,
,misjudged,adjective,0,오해 받는,,,Baron-Cohen_2010,
오판된,misjudged,adjective,1,,,,Baron-Cohen_2010,
학대당한,mistreated,adjective,1,,,,Baron-Cohen_2010,
시달리는,mistreated,adjective,1,,,,Baron-Cohen_2010,
,misunderstood,adjective,0,오해 받는,,,Baron-Cohen_2010,
비웃는,mocking,adjective,1,,,,Baron-Cohen_2010,
겸손하다,modest,adjective,1,,,,Baron-Cohen_2010,
우울하다,down,adjective,1,,Park_Min_2005,,Baron-Cohen_2010,
침울하다,down,adjective,1,,Park_Min_2005,,Baron-Cohen_2010,
,moody,adjective,0,기분 변화가 심한,,,Baron-Cohen_2010,
살기등등하다,murderous,adjective,1,,,,Baron-Cohen_2010,
살인적이다,murderous,adjective,1,,,,Baron-Cohen_2010,
혼란스럽다,mystified,adjective,1,,,,Baron-Cohen_2010,
형편없다,nasty,adjective,1,,,,Baron-Cohen_2010,
끔찍하다,nasty,adjective,1,,,,Baron-Cohen_2010,
못되다,nasty,adjective,1,,,,Baron-Cohen_2010,
위험하다,nasty,adjective,1,,,,Baron-Cohen_2010,
필요하다,needed,adjective,1,,,,Baron-Cohen_2010,
궁핍한,needy,adjective,1,,,,Baron-Cohen_2010,
,needy,adjective,0,애정이 필요한,,,Baron-Cohen_2010,
도외시된,neglected,adjective,1,,,,Baron-Cohen_2010,
,nosy,adjective,0,참견하기 좋아하는,,,Baron-Cohen_2010,
무감각하다,numb,adjective,1,,,,Baron-Cohen_2010,
멍한,numb,adjective,1,,,,,
망연자실한,numb,adjective,1,,,,,
사로잡힌,obsessed,adjective,1,,,,Baron-Cohen_2010,
심취한,obsessed,adjective,1,,,,Baron-Cohen_2010,
집착하는,obsessed,adjective,1,,,,,
강박적인,obsessed,adjective,1,,,,,
불쾌하다,offended,adjective,1,,,,Baron-Cohen_2010,
압도하는,overpowered,adjective,1,,,,Baron-Cohen_2010,
압도된,overpowering,adjective,1,,,,Baron-Cohen_2010,
,self-pitying,adjective,0,자기연민에 빠지는,,,Morgan_Heise_1988,
기쁘다,pleased,adjective,1,,,,Baron-Cohen_2010,Morgan_Heise_1988
못마땅하다,displeased,adjective,1,,,,Baron-Cohen_2010,Morgan_Heise_1988
불쾌하다,displeased,adjective,1,,,,Baron-Cohen_2010,Morgan_Heise_1988
방어적이다,protective,adjective,1,,,,Baron-Cohen_2010,
어리둥절하다,puzzled,adjective,1,,,,Baron-Cohen_2010,
얼떨떨하다,puzzled,adjective,1,,,,Baron-Cohen_2010,
미심쩍어하는,questioning,adjective,1,,,,Baron-Cohen_2010,
거절된,rejected,adjective,1,,,,Baron-Cohen_2010,
,responsible,adjective,0,책임이 있는,,,Baron-Cohen_2010,
초조하다,restless,adjective,1,,,,Baron-Cohen_2010,
안전한,secure,adjective,1,,,,,
안전한,safe,adjective,1,,,,Baron-Cohen_2010,
만족하는,content,adjective,1,,,,,
만족하는,satisfied,adjective,1,,,,Baron-Cohen_2010,Morgan_Heise_1988
불만족하다,unsatisfied,adjective,1,,,,,
겁먹은,scared,adjective,1,,,,Baron-Cohen_2010,Morgan_Heise_1988
무서워하는,scared,adjective,1,,,,Baron-Cohen_2010,Morgan_Heise_1988
안심하다,be relieved,verb,1,,,,Baron-Cohen_2010,
심각한,serious,adjective,1,,,,Baron-Cohen_2010,
안정적인,settled,adjective,1,,,,Baron-Cohen_2010,
역겹다,revolting,adjective,1,,,,,
역겹다,sickening,adjective,1,,,,Baron-Cohen_2010,Morgan_Heise_1988
깜짝 놀란,startled,adjective,1,,,,Baron-Cohen_2010,
멍청한,stupid,adjective,1,,,,Baron-Cohen_2010,
확신하는,sure,adjective,1,,,,Baron-Cohen_2010,
놀란,surprised,adjective,1,,,,Baron-Cohen_2010,
눈물 어린,tearful,adjective,1,,,,Baron-Cohen_2010,
놀리다,tease,verb,1,,,,,
놀리는,teasing,adjective,1,,,,Baron-Cohen_2010,
혹하는,tempted,adjective,1,,,,Baron-Cohen_2010,
상냥함,tenderness,noun,1,,,,,
다정함,tenderness,noun,1,,,,,
상냥하다,tender,adjective,1,,,,Baron-Cohen_2010,
다정하다,tender,adjective,1,,,,Baron-Cohen_2010,
긴장한,tense,adjective,1,,,,Baron-Cohen_2010,
겁에 질린,terrified,adjective,1,,,,Baron-Cohen_2010,Morgan_Heise_1988
생각,think,noun,1,,,,,
생각하는,thinking,adjective,1,,,,Baron-Cohen_2010,
사려 깊은,thoughtful,adjective,1,,,,Baron-Cohen_2010,
갇힌,trapped,adjective,1,,,,Baron-Cohen_2010,
신뢰하는,trusting,adjective,1,,,,Baron-Cohen_2010,
무신경한,uncaring,adjective,1,,,,Baron-Cohen_2010,
무정한,uncaring,adjective,1,,,,Baron-Cohen_2010,
불확실한,uncertain,adjective,1,,,,Baron-Cohen_2010,
이해심있는,understanding,adjective,1,,,,Baron-Cohen_2010,
쌀쌀맞은,unfriendly,adjective,1,,,,Baron-Cohen_2010,
불확실한,unsure,adjective,1,,,,Baron-Cohen_2010,
속상함,upsetness,noun,1,,,,,
속상하다,upset,adjective,1,,,,Baron-Cohen_2010,Morgan_Heise_1988
초조하다,uptight,adjective,1,,,,Baron-Cohen_2010,
긴장한,uptight,adjective,1,,,,Baron-Cohen_2010,
소용없는,useless,adjective,1,,,,Baron-Cohen_2010,
헛된,vain,adjective,1,,,,Baron-Cohen_2010,
수배 중인,wanted,adjective,1,,,,Baron-Cohen_2010,
지켜보는,watchful,adjective,1,,,,Baron-Cohen_2010,
투덜대는,whining,adjective,1,,,,Baron-Cohen_2010,
징징대는,whining,adjective,1,,,,Baron-Cohen_2010,
소망하는,wishful,adjective,1,,,,Baron-Cohen_2010,
궁금해하는,wondering,adjective,1,,,,Baron-Cohen_2010,
경탄하는,wondering,adjective,1,,,,,
감탄하는,wondering,adjective,1,,,,,
걱정되는,worried,adjective,1,,,,Baron-Cohen_2010,
무가치한,worthless,adjective,1,,,,Baron-Cohen_2010,
흠모하는,adoring,adjective,1,,,,,
약오르는,aggravating,adjective,1,,,,Morgan_Heise_1988,
근심하는,apprehensive,adjective,1,,,,Morgan_Heise_1988,
걱정하는,apprehensive,adjective,1,,,,Morgan_Heise_1988,
우울하다,blue,adjective,1,,,,Morgan_Heise_1988,
생기없는,cheerless,adjective,1,,,,Morgan_Heise_1988,
기운없는,cheerless,adjective,1,,,,Morgan_Heise_1988,
활기없는,cheerless,adjective,1,,,,Morgan_Heise_1988,
,deflated,adjective,0,기가 꺾인,,,Morgan_Heise_1988,
,deflated,adjective,0,바람 빠진,,,,
기죽은,dejected,adjective,1,,,,Morgan_Heise_1988,
낙담한,dejected,adjective,1,,,,Morgan_Heise_1988,
당황한,flustered,adjective,1,,,,Morgan_Heise_1988,
당황한,disconcerted,adjective,1,,,,,
비통하다,broken-hearted,adjective,1,,,,Morgan_Heise_1988,
상심한,broken-hearted,adjective,1,,,,Morgan_Heise_1988,
비통하다,heartbroken,adjective,1,,,,Morgan_Heise_1988,
상심한,heartbroken,adjective,1,,,,Morgan_Heise_1988,
,heavy-hearted,adjective,0,마음이 무겁다,,,Morgan_Heise_1988,
침울하다,heavy-hearted,adjective,1,,,,Morgan_Heise_1988,
격분한,irate,adjective,1,,,,Morgan_Heise_1988,
성난,irate,adjective,1,,,,Morgan_Heise_1988,
짜증나는,irking,adjective,1,,,,Morgan_Heise_1988,
창피하다,mortified,adjective,1,,,,Morgan_Heise_1988,
겁에 질린,petrified,adjective,1,,,,Morgan_Heise_1988,
후회하는,remorseful,adjective,1,,,,Morgan_Heise_1988,
억울하다,resentful,adjective,1,,,,Morgan_Heise_1988,
분개하는,resentful,adjective,1,,,,Morgan_Heise_1988,
심란하다,shook-up,adjective,1,,,,Morgan_Heise_1988,
동요된,shook-up,adjective,1,,,,Morgan_Heise_1988,
상심한,sick-at-heart,adjective,1,,,,Morgan_Heise_1988,
고통받는,tormented,adjective,1,,,,Morgan_Heise_1988,
허덕이는,tormented,adjective,1,,,,Morgan_Heise_1988,
답답하다,stuffy,adjective,1,,,,,
답답하다,,adjective,0,(1) physical; feeling discomfort as if the chest or stomach is clogged up,,,,
답답하다,,adjective,0,"(2) Feeling unsatisfied and upset because someone's attitude, behavior, or situation does not meet one's expectation and one cannot make it better",,,,
섬뜩하다,creepy,adjective,1,,Park_Min_2005,,,
섬뜩하다,horrifying,adjective,1,,Park_Min_2005,,,
섬뜩하다,terrifying,adjective,1,,Park_Min_2005,,,
섬뜩하다,frightening,adjective,1,,Park_Min_2005,,,
송연하다,creepy,adjective,1,,Park_Min_2005,,,
송연하다,horrifying,adjective,1,,Park_Min_2005,,,
송연하다,terrifying,adjective,1,,Park_Min_2005,,,
송연하다,frightening,adjective,1,,Park_Min_2005,,,
겁내는,intimidated,adjective,1,,,,,
거뜬함,easiness,noun,1,,,,,
온정,compassion,noun,1,,Park_Min_2005,,,
자기자비,self-compassion,noun,1,,,,,
자비,mercy,noun,1,,,,,
가련,piteousness,noun,1,,,,,
자기연민,self-pity,noun,1,,,,,
연민,pity,noun,1,,Park_Min_2005,,,
불쌍함,piteousness,noun,1,,,,,
가여움,pity,noun,1,,,,,
딱함,pity,noun,1,,,,,
안쓰러움,,noun,0,(1) The feeling of uneasiness about getting help from and imposing on someone who is younger or weaker. (2) Bad feeling due to someone's situation or circumstances being pitiful.,,,,
측은함,pity,noun,1,,,,,
동정,sympathy,noun,1,,,,,
비련,suffering,noun,1,,Park_Min_2005,,,
비련,tragicality,noun,1,,Park_Min_2005,,,
비참,misery,noun,1,,,,,
애잔함,pitifulness,noun,1,,,,,
한심함,pitifulness,noun,1,,KOTE,,,
가소로움,ridiculousness,noun,1,,,,,
가소로움,absurdness,noun,1,,,,,
가증스러움,contempt,noun,1,,,,,
가증스러움,detest,noun,1,,,,,
가책,scruple,noun,1,,Park_Min_2005,,,
거리낌,scruple,noun,1,,,,,
감상,sentiment,noun,1,,,,,
감동,being affected,noun,1,,,,,
감동,being moved,noun,1,,,,,
감동,being touched,noun,1,,,,,
뭉클,being moved,noun,1,,Rhee_Ko_2013,,,
뭉클,being touched,noun,1,,Rhee_Ko_2013,,,
감명,inspiration,noun,1,,Park_Min_2005,,,
감흥,titilation,noun,1,,Park_Min_2005,,,
감미로움,sweetness,noun,1,,,,,
감복,admiration,noun,1,,,,,
감탄,admiration,noun,1,,KOTE,,,
경탄,wonder,noun,1,,,,,
경탄,admiration,noun,1,,,,,
개탄,lamentation,noun,1,,,,,
개탄,deploration,noun,1,,,,,
거부감,reluctance,noun,1,,Park_Min_2005,,,
거북함,bloatedness,noun,1,,,,,
거북함,uncomfortableness,noun,1,,,,,
민망함,awkwardness,noun,1,,,,,
거북함,awkwardness,noun,1,,,,,
염려,worry,noun,1,,KOTE,,,
염려,concern,noun,1,,KOTE,,,
우려,concern,noun,1,,KOTE,,,
우려,worry,noun,1,,KOTE,,,
걱정,worry,noun,1,,,,,
걱정,apprehension,noun,1,,,,,
근심걱정,worry,noun,1,,Park_Min_2005,,,
근심걱정,apprehension,noun,1,,Park_Min_2005,,,
근심,worry,noun,1,,,,,
근심,apprehension,noun,1,,,,,
겁,dread,noun,1,,,,,
겁,fright,noun,1,,,,,
겁,fear,noun,1,,,,,
두려움,dread,noun,1,,,,,
두려움,fear,noun,1,,,,,
무서움,fear,noun,1,,,,,
무서움,scariness,noun,1,,,,,
공포,fear,noun,1,,Park_Min_2005,KOTE,,
끔찍,terror,noun,1,,,,,
공포,terror,noun,1,,Park_Min_2005,KOTE,,
공포,horror,noun,1,,Park_Min_2005,KOTE,,
격분,fume,noun,1,,KOTE,,,
격분,outrage,noun,1,,KOTE,,,
격분,rage,noun,1,,KOTE,,,
격분,enragement,noun,1,,KOTE,,,
격분,infuriation,noun,1,,KOTE,,,
격노,outrage,noun,1,,KOTE,,,
격노,fume,noun,1,,KOTE,,,
격노,enragement,noun,1,,KOTE,,,
격노,infuriation,noun,1,,KOTE,,,
격노,rage,noun,1,,KOTE,,,
역정,rage,noun,1,,Park_Min_2005,,,
성,anger,noun,1,,,,,
노기,anger,noun,1,,Park_Min_2005,,,
노발대발,fury,noun,1,,Park_Min_2005,,,
노발대발,enragement,noun,1,,Park_Min_2005,,,
부아,anger,noun,1,,Park_Min_2005,,,
분개,resentment,noun,1,,KOTE,,,
분개,indignation,noun,1,,KOTE,,,
분노,enragement,noun,1,,KOTE,,,
격동,turbulence,noun,1,,,,,
화,anger,noun,1,,,,,
울분,resentment,noun,1,,Park_Min_2005,,,
울분,fury,noun,1,,Park_Min_2005,,,
분,fury,noun,1,,,,,
분,resentment,noun,1,,,,,
분,vexation,noun,1,,,,,
분,resentment,noun,1,,,,,
분,chagrin,noun,1,,,,,
분통,fury,noun,1,,Park_Min_2005,,,
분통,chagrin,noun,1,,Park_Min_2005,,,
분통,vexation,noun,1,,Park_Min_2005,,,
통분,indignation,noun,1,,Park_Min_2005,,,
원한,resentment,noun,1,,Park_Min_2005,,,
원한,grudge,noun,1,,Park_Min_2005,,,
동요,disturbance,noun,1,,,,,
동요,agitation,noun,1,,,,,
동요,unrest,noun,1,,,,,
격정,passion,noun,1,,Park_Min_2005,,,
열정,enthusiasm,noun,1,,Park_Min_2005,,,
열정,passion,noun,1,,Park_Min_2005,,,
경악,amazement,noun,1,,KOTE,,,
경악,astonishment,noun,1,,KOTE,,,
경애,,noun,0,respect and love,,,,
경외감,awe,noun,1,,,,,
희,joy,noun,1,,Park_Min_2005,,,
환희,bliss,noun,1,,Park_Min_2005,KOTE,,
환희,exaltation,noun,1,,Park_Min_2005,KOTE,,
환희,exhilaration,noun,1,,Park_Min_2005,KOTE,,
환희,elation,noun,1,,,,,
환희,exultation,noun,1,,,,,
황홀,rapture,noun,1,,KOTE,,,
황홀,ecstacy,noun,1,,KOTE,,,
기쁨,joy,noun,1,,,,,
쾌감,pleasure,noun,1,,Park_Min_2005,,,
쾌락,pleasure,noun,1,,Rhee_Ko_2013,,,
낙,relish,noun,1,,Park_Min_2005,,,
낙,delight,noun,1,,Park_Min_2005,,,
희희낙락,delight,noun,1,,,,,
희희낙락,exhilaration,noun,1,,,,,
희열,enjoyment,noun,1,,Park_Min_2005,KOTE,,
희열,relish,noun,1,,Park_Min_2005,KOTE,,
즐거움,delight,noun,1,,,,,
즐거움,enjoyment,noun,1,,,,,
즐거움,relish,noun,1,,,,,
흥,merriment,noun,1,,,,,
행복,happiness,noun,1,,KOTE,,,
들뜸,excitement,noun,1,,,,,
들뜬,excited,adjective,1,,,,,
신남,glee,noun,1,,,,,
신바람,exhilaration,noun,1,,,,,
재미,fun,noun,1,,,,,
낙담,discouragement,noun,1,,,,,
낙망,disappointment,noun,1,,,,,
낙망,hopelessness,noun,1,,,,,
낙심,disheartenment,noun,1,,,,,
낙심,despondency,noun,1,,,,,
실망,disappointment,noun,1,,KOTE,,,
환멸,disenchantment,noun,1,,Park_Min_2005,,,
환멸,disillusionment,noun,1,,Park_Min_2005,,,
낭패,,noun,0,Feeling of embarrassment as something goes awry or falls short of one's expectations,,,,
초조,nervousness,noun,1,,,,,
초조,fret,noun,1,,,,,
조마조마함,anxiousness,noun,1,,,,,
조마조마함,nervousness,noun,1,,,,,
조마조마함,unease,noun,1,,,,,
조마조마함,worry,noun,1,,,,,
아슬아슬함,nervousness,noun,1,,KOTE,,,
아슬아슬함,anxiousness,noun,1,,KOTE,,,
아슬아슬함,uneasiness,noun,1,,KOTE,,,
노파심,,noun,0,excessive solicitude for another´s welfare,Park_Min_2005,,,
고뇌,agony,noun,1,,,,,
고뇌,anguish,noun,1,,,,,
고민,trouble,noun,1,,,,,
고민,agony,noun,1,,,,,
번뇌,suffering,noun,1,,,,,
번뇌,agony,noun,1,,,,,
번뇌,anguish,noun,1,,,,,
번민,anguish,noun,1,,,,,
번민,agony,noun,1,,,,,
번민,suffering,noun,1,,,,,
공감,empathy,noun,1,,,,,
공허함,emptiness,noun,1,,,,,
허전함,emptiness,noun,1,,,,,
분함,ill-feeling,noun,1,,,,,
괘씸함,,noun,0,The feeling of displeasure and mortification due to someone's behavior or remark being untruthful or rude,,,,
괘씸하다,,adjective,0,Feeling displeased and mortified on someone's behavior or remark being untruthful or rude,,,,
괴로움,suffering,noun,1,,,,,
고통,pain,noun,1,,,,,
괴로움,pain,noun,1,,,,,
괴로움,agony,noun,1,,,,,
교감,communion,noun,1,,,,,
귀찮음,laziness,noun,1,,KOTE,,,
성가심,nuisance,noun,1,,,,,
성가심,vexation,noun,1,,,,,
긍지,pride,noun,1,,Park_Min_2005,,,
자긍심,pride,noun,1,,,,,
자긍심,self-esteem,noun,1,,,,,
자존감,self-esteem,noun,1,,,,,
기겁,thunderstruck,noun,1,,,,,
질겁,thunderstruck,noun,1,,KOTE,,,
기고만장,smuggness,noun,1,,,,,
기고만장,rage,noun,1,,,,,
의기양양,jubilation,noun,1,,,,,
우쭐함,complacency,noun,1,,KOTE,,,
우쭐함,proudness,noun,1,,KOTE,,,
황당함,absurdity,noun,1,,,,,
어이없음,absurdity,noun,1,,,,,
어처구니없음,absurdity,noun,1,,,,,
기절초풍,flabberghast,noun,1,,,,,
위압감,overwhelm,noun,1,,Park_Min_2005,,,
긴장,strain,noun,1,,KOTE,,,
긴장,tension,noun,1,,KOTE,,,
떳떳함,confidence,noun,1,,,,,
당당함,confidence,noun,1,,,,,
마땅찮음,dissatisfaction,noun,1,,,,,
마땅찮음,unsatisfaction,noun,1,,,,,
만족감,satisfaction,noun,1,,,,,
흐뭇함,satisfaction,noun,1,,,,,
흡족함,satisfaction,noun,1,,,,,
충족감,satisfaction,noun,1,,Park_Min_2005,,,
안심,relief,noun,1,,Park_Min_2005,KOTE,,
망설임,hesitancy,noun,1,,,,,
망연함,blankness,noun,1,,,,,
망연함,feeling of vacancy,noun,1,,,,,
매료,mesmerization,noun,1,,,,,
매혹,fascination,noun,1,,Park_Min_2005,,,
매혹,attraction,noun,1,,Park_Min_2005,,,
호감,liking,noun,1,,Park_Min_2005,,,
호감,good feeling,noun,1,,Park_Min_2005,,,
눈물,tear,noun,1,,KOTE,,,
눈물짓다,tear,verb,1,,,,,
통곡,wailing,noun,1,,,,,
통곡,lamentation,noun,1,,,,,
대성통곡,wailing,noun,1,,Rhee_Ko_2013,,,
대성통곡,lamentation,noun,1,,Rhee_Ko_2013,,,
후회,remorse,noun,1,,,,,
후회,regret,noun,1,,,,,
회한,remorse,noun,1,,Park_Min_2005,,,
회개,penitence,noun,1,,Park_Min_2005,,,
회개,contrition,noun,1,,Park_Min_2005,,,
회개,repentance,noun,1,,Park_Min_2005,,,
반성,reflection,noun,1,,,,,
반성,repentance,noun,1,,,,,
회오,penitence,noun,1,,Park_Min_2005,,,
뉘우침,penitence,noun,1,,,,,
한탄,lamentation,noun,1,,,,,
유감,pity,noun,1,,Park_Min_2005,,,
유감,regret,noun,1,,Park_Min_2005,,,
담담함,calmness,noun,1,,,,,
덤덤함,calmness,noun,1,,,,,
무덤덤함,calmness,noun,1,,,,,
무감동,apathy,noun,1,,,,,
차분함,calmness,noun,1,,,,,
차분함,placidity,noun,1,,,,,
고달픔,weariness,noun,1,,,,,
고단함,weariness,noun,1,,,,,
지겨움,weariness,noun,1,,,,,
지겨움,boredom,noun,1,,,,,
지침,weariness,noun,1,,,,,
지침,weariness,noun,1,,,,,
질림,weariness,noun,1,,,,,
질림,fright,noun,1,,,,,
질림,terror,noun,1,,,,,
질림,paleness,noun,1,,,,,
싫증,weariness,noun,1,,,,,
전율,thrill,noun,1,,Rhee_Ko_2013,,,
전율,thrill,noun,1,,Rhee_Ko_2013,,,
짜릿함,thrill,noun,1,,KOTE,,,
짜릿함,excitement,noun,1,,KOTE,,,
짜릿함,electrification,noun,1,,KOTE,,,
짜릿함,tingle,noun,1,,,,,
진저리,shudder,noun,1,,,,,
권태,boringness,noun,1,,,,,
권태,weariness,noun,1,,,,,
식상함,triteness,noun,1,,KOTE,,,
진부함,cliché,noun,1,,KOTE,,,
진부함,triteness,noun,1,,KOTE,,,
지루함,tediousness,noun,1,,KOTE,,,
지루함,dullness,noun,1,,KOTE,,,
지루함,boredom,noun,1,,KOTE,,,
지루함,banality,noun,1,,KOTE,,,
따분함,banality,noun,1,,,,,
따분함,dullness,noun,1,,,,,
따분함,boredom,noun,1,,,,,
따분함,tediousness,noun,1,,,,,
심심함,dullness,noun,1,,,,,
심심함,boredom,noun,1,,,,,
심심함,tediousness,noun,1,,,,,
심심함,banality,noun,1,,,,,
무료함,boredom,noun,1,,,,,
무료함,dreariness,noun,1,,,,,
무료함,dullness,noun,1,,,,,
당혹,bafflement,noun,1,,KOTE,,,
당혹,puzzlement,noun,1,,KOTE,,,
어리둥절,puzzlement,noun,1,,,,,
당혹,bewilderment,noun,1,,KOTE,,,
곤혹,bewilderment,noun,1,,KOTE,,,
곤혹,puzzlement,noun,1,,KOTE,,,
곤혹,bafflement,noun,1,,KOTE,,,
난처,embarrassment,noun,1,,KOTE,,,
당황,bewilderment,noun,1,,KOTE,,,
당황,puzzlement,noun,1,,KOTE,,,
당황,bafflement,noun,1,,KOTE,,,
도취감,euphoria,noun,1,,,,,
부러움,envy,noun,1,,,,,
불만족,discontent,noun,1,,,,,
불만,discontent,noun,1,,Park_Min_2005,KOTE,,
불안,apprehension,noun,1,,KOTE,,,
불안,anxiety,noun,1,,KOTE,,,
불편,uncomfortableness,noun,1,,,,,
불행,unhappiness,noun,1,,,,,
결연함,resoluteness,noun,1,,,,,
엄숙함,solemnity,noun,1,,,,,
숙연함,solemnity,noun,1,,,,,
보람,worth,noun,1,,KOTE,,,
사랑스러움,loveliness,noun,1,,,,,
연정,love,noun,1,,Park_Min_2005,,,
사랑,love,noun,1,,,KOTE,,
흠모,admiration,noun,1,,KOTE,,,
자괴,shame,noun,1,,Park_Min_2005,,,
부끄러움,shyness,noun,1,,KOTE,,,
부끄러움,bashfulness,noun,1,,KOTE,,,
부끄러움,shame,noun,1,,,,,
창피함,embarrassment,noun,1,,,,,
무안함,embarrassment,noun,1,,,,,
무안함,sheepishness,noun,1,,,,,
무안함,shame,noun,1,,,,,
쑥스러움,bashfulness,noun,1,,,,,
쑥스러움,shyness,noun,1,,,,,
굴욕,shame,noun,1,,Park_Min_2005,,,
굴욕,humiliation,noun,1,,Park_Min_2005,,,
굴욕,insult,noun,1,,Park_Min_2005,,,
무력감,helplessness,noun,1,,Park_Min_2005,,,
미안함,sorriness,noun,1,,,,,
반감,hostility,noun,1,,Park_Min_2005,,,
반감,antipathy,noun,1,,Park_Min_2005,,,
반감,animosity,noun,1,,Park_Min_2005,,,
적의,animosity,noun,1,,Park_Min_2005,,,
적의,hostility,noun,1,,Park_Min_2005,,,
적의,antagonism,noun,1,,Park_Min_2005,,,
적대감,hostility,noun,1,,,,,
적대감,antagonism,noun,1,,,,,
적대감,animosity,noun,1,,,,,
혐오,abhorrence,noun,1,,KOTE,,,
혐오,repugnance,noun,1,,KOTE,,,
혐오,hate,noun,1,,KOTE,,,
혐오,loathing,noun,1,,KOTE,,,
자기혐오,self-hatred,noun,1,,Park_Min_2005,,,
증오,detestation,noun,1,,KOTE,,,
증오,deploration,noun,1,,KOTE,,,
역겨움,disgust,noun,1,,KOTE,,,
질색,disgust,noun,1,,,,,
질색,loathing,noun,1,,,,,
질색,detestation,noun,1,,,,,
질색,aversion,noun,1,,,,,
경멸,disdain,noun,1,,KOTE,,,
경멸,contempt,noun,1,,KOTE,,,
경멸,despise,noun,1,,KOTE,,,
모멸,disdain,noun,1,,Park_Min_2005,KOTE,,
모멸,despise,noun,1,,Park_Min_2005,KOTE,,
모멸,contempt,noun,1,,Park_Min_2005,KOTE,,
멸시,disdain,noun,1,,KOTE,,,
멸시,contempt,noun,1,,KOTE,,,
멸시,despise,noun,1,,KOTE,,,
비난,condemnation,noun,1,,,,,
박진감,vitality,noun,1,,Park_Min_2005,,,
박진감,liveliness,noun,1,,Park_Min_2005,,,
생동감,liveliness,noun,1,,,,,
생동감,vitality,noun,1,,,,,
반항심,rebelliousness,noun,1,,Park_Min_2005,,,
배신감,sense of betrayal,noun,1,,Park_Min_2005,,,
토라짐,sulkiness,noun,1,,,,,
뾰로통함,sullenness,noun,1,,,,,
뾰로통함,sulkiness,noun,1,,,,,
부루퉁함,sulkiness,noun,1,,,,,
샐쭉함,sulkiness,noun,1,,,,,
시무룩함,sullenness,noun,1,,,,,
시무룩함,glum,noun,1,,,,,
뚱함,sullenness,noun,1,,,,,
꿀꿀함,gloominess,noun,1,,,,,
침울함,gloominess,noun,1,,,,,
침통함,agony,noun,1,,,,,
침통함,mournfulness,noun,1,,,,,
찔림,being stabbed,noun,1,,,,,
찔림,being pricked,noun,1,,,,,
찔리는,guiltiness,noun,1,,,,,
켕김,tightness,noun,1,,,,,
코웃음,snort,noun,1,,Park_Min_2005,,,
서먹함,awkwardness,noun,1,,,,,
어색함,awkwardness,noun,1,,,,,
섭섭함,,noun,0,(1) sadness and disappointment (2) the feeling of sorriness about someone or something leaving or disappearing.,,,,
야속함,,noun,0,"The bad feeling, sadness, and disappointment due to someone or someone's behavior",,,,
서운함,,noun,0,"The feeling of sadness and disappointment due to one's expectation not being met, especially in a close interpersonal relationship",,,,
속상함,being upset,noun,1,,KOTE,,,
선뜩함,chilliness,noun,1,,,,,
선호,preference,noun,1,,,,,
설렘,excitement,noun,1,,,,,
설렘,fultter,noun,1,,,,,
설렘,thrill,noun,1,,,,,
흥분,excitement,noun,1,,Park_Min_2005,,,
격앙,agitation,noun,1,,,,,
격양,agitation,noun,1,,,,,
섬뜩함,creepiness,noun,1,,,,,
성취감,sense of achievement,noun,1,,Park_Min_2005,,,
수심,apprehension,noun,1,,Park_Min_2005,,,
수심,worry,noun,1,,Park_Min_2005,,,
수심,anxiety,noun,1,,Park_Min_2005,,,
수치,disgrace,noun,1,,Park_Min_2005,,,
수치,shame,noun,1,,Park_Min_2005,,,
수치,humiliation,noun,1,,Park_Min_2005,,,
스산함,dreariness,noun,1,,,,,
스산함,unease,noun,1,,,,,
뒤숭숭함,unease,noun,1,,,,,
애달픔,lonesomeness,noun,1,,,,,
애달픔,dreariness,noun,1,,,,,
애달픔,pity,noun,1,,,,,
처연함,sorrow,noun,1,,,,,
슬픔,sadness,noun,1,,,KOTE,,
비애,sorrow,noun,1,,Park_Min_2005,,,
비애,grief,noun,1,,Park_Min_2005,,,
서러움,sorrow,noun,1,,KOTE,,,
비탄,grief,noun,1,,KOTE,,,
비탄,anguish,noun,1,,KOTE,,,
비탄,bewailment,noun,1,,KOTE,,,
비통함,sorrow,noun,1,,,,,
비통함,sadness,noun,1,,,,,
애수,sadness,noun,1,,Park_Min_2005,,,
애수,sorrow,noun,1,,Park_Min_2005,,,
외로움,loneliness,noun,1,,,,,
적적함,loneliness,noun,1,,,,,
쓸쓸함,lonesomeness,noun,1,,,,,
쓸쓸함,gloominess,noun,1,,,,,
쓸쓸함,dreariness,noun,1,,,,,
고독,solitude,noun,1,,,,,
고립감,feeling of isolation,noun,1,,Park_Min_2005,,,
소외감,feeling of being left out,noun,1,,Park_Min_2005,,,
소외감,feeling of alienation,noun,1,,Park_Min_2005,,,
시기심,envy,noun,1,,,,,
샘,envy,noun,1,,,,,
시샘,envy,noun,1,,,,,
질투심,jealousy,noun,1,,,,,
상실감,feeling of loss,noun,1,,Park_Min_2005,,,
상쾌함,breeziness,noun,1,,,,,
산뜻함,breeziness,noun,1,,,,,
상큼함,refreshingness,noun,1,,,,,
상큼함,refreshingness,noun,1,,,,,
실의,dejection,noun,1,,Park_Min_2005,,,
심란함,tumult,noun,1,,,,,
심려,worry,noun,1,,,,,
씁쓸함,bitterness,noun,1,,,,,
씁쓸함,bitterness,noun,1,,,,,
싫음,dislike,noun,1,,,,,
불쾌함,unpleasantness,noun,1,,,,,
아니꼬움,bitterness,noun,1,,,,,
아련함,vagueness,noun,1,,,,,
아련함,dimness,noun,1,,,,,
거슬림,jar,noun,1,,,,,
거슬림,irritation,noun,1,,,,,
아림,sting,noun,1,,,,,
아림,ache,noun,1,,,,,
아림,ache,noun,1,,,,,
안락,comfort,noun,1,,KOTE,,,
안락,coziness,noun,1,,KOTE,,,
통탄,bewailment,noun,1,,,,,
패배감,sense of defeat,noun,1,,Park_Min_2005,,,
편안,ease,noun,1,,KOTE,,,
편안,comfort,noun,1,,KOTE,,,
편함,comfort,noun,1,,,,,
편안하다,relaxed,adjective,1,,Park_Min_2005,,,
편안하다,comfortable,adjective,1,,Park_Min_2005,,,
편하다,comfortable,adjective,1,,Park_Min_2005,,,
포근함,coziness,noun,1,,KOTE,,,
평안,peace,noun,1,,,,,
평안,calmness,noun,1,,,,,
평온,tranquility,noun,1,,,,,
평온,calmness,noun,1,,,,,
평온,serenity,noun,1,,,,,
안타까움,disappointment,noun,1,,KOTE,,,
안타까움,compassion,noun,1,,,,,
아쉬움,,noun,0,(1) The feeling of sorriness and sadness due to a lingering attachment. (2) The feeling of unsatisfaction because what one needs is missing or deficient.,KOTE,,,
아찔함,dizziness,noun,1,,,,,
아찔함,giddiness,noun,1,,,,,
안달,fuss,noun,1,,,,,
안도,relief,noun,1,,,,,
안정,stableness,noun,1,,,,,
암담함,gloominess,noun,1,,,,,
암담함,hopelessess,noun,1,,,,,
암울함,gloominess,noun,1,,,,,
우수,gloom,noun,1,,Park_Min_2005,,,
우수,melancholy,noun,1,,Park_Min_2005,,,
우울,gloom,noun,1,,,,,
음울함,gloom,noun,1,,,,,
애,sadness,noun,1,,Park_Min_2005,,,
애도,mourning,noun,1,,,,,
애도,lament,noun,1,,,,,
애도,condolence,noun,1,,,,,
애통함,bewailment,noun,1,,,,,
애통함,lament,noun,1,,,,,
애련,pity,noun,1,,Park_Min_2005,,,
애련,,noun,0,sad love,Park_Min_2005,,,
애석,sadness,noun,1,,KOTE,,,
원망,resentment,noun,1,,,,,
애정,affection,noun,1,,Park_Min_2005,,,
,attached,adjective,0,애착을 가지는,,,,
애착,attachment,noun,1,,Park_Min_2005,,,
열등감,sense of inferiority,noun,1,,Park_Min_2005,,,
열애,,noun,0,passionate love,Park_Min_2005,,,
정욕,sexual desire,noun,1,,Park_Min_2005,,,
정욕,lust,noun,1,,Park_Min_2005,,,
좌절,frustration,noun,1,,,,,
위화감,feeling of being out of place,noun,1,,Park_Min_2005,,,
위화감,disharmony,noun,1,,Park_Min_2005,,,
위화감,sense of incompatibility,noun,1,,Park_Min_2005,,,
의혹,suspicion,noun,1,,Park_Min_2005,,,
의혹,doubt,noun,1,,Park_Min_2005,,,
의심,doubt,noun,1,,Park_Min_2005,,,
자긍,pride,noun,1,,Park_Min_2005,,,
자만심,conceit,noun,1,,Park_Min_2005,,,
자만심,pride,noun,1,,Park_Min_2005,,,
자신감,confidence,noun,1,,,,,
자신감,self-confidence,noun,1,,,,,
질책,reproach,noun,1,,,,,
질책,rebuke,noun,1,,,,,
질책,blame,noun,1,,,,,
책망,blame,noun,1,,,,,
책망,reproach,noun,1,,,,,
책망,rebuke,noun,1,,,,,
절망,despair,noun,1,,KOTE,,,
절망,desperation,noun,1,,KOTE,,,
자포자기,desperation,noun,1,,,,,
자포자기,despair,noun,1,,,,,
참담함,misery,noun,1,,,,,
절박감,desperation,noun,1,,Park_Min_2005,,,
절절함,eagerness,noun,1,,,,,
간절함,desperation,noun,1,,,,,
치욕,humiliation,noun,1,,,,,
치욕,disgrace,noun,1,,,,,
친애,love,noun,1,,KOTE,,,
친애,affection,noun,1,,KOTE,,,
허망함,forlornness,noun,1,,,,,
허무감,emptiness,noun,1,,KOTE,,,
허무감,void,noun,1,,KOTE,,,
허탈함,emptiness,noun,1,,,,,
허탈함,void,noun,1,,,,,
죄스러움,guiltiness,noun,1,,,,,
죄의식,guilt,noun,1,,Park_Min_2005,KOTE,,
죄책감,sense of guilt,noun,1,,Park_Min_2005,KOTE,,
주눅,intimidation,noun,1,,,,,
신경질,annoyance,noun,1,,Park_Min_2005,,,
신경질,irritation,noun,1,,Park_Min_2005,,,
짜증,irritation,noun,1,,KOTE,,,
짜증,annoyance,noun,1,,KOTE,,,
짝사랑,,noun,0,unrequited love,,,,
착잡함,confliction,noun,1,,KOTE,,,
처절함,desperation,noun,1,,,,,
처참함,misery,noun,1,,,,,
,devastation,noun,0,엄청난 충격과 비탄,,,,
체념,resignation,noun,1,,,,,
황공함,awe-struckness,noun,1,,,,,
황공함,fearfulness,noun,1,,,,,
황송함,awe-struckness,noun,1,,,,,
황송함,fearfulness,noun,1,,,,,
후련함,relief,noun,1,,,,,
시원섭섭함,bittersweetness,noun,1,,,,,
시원섭섭함,mixed feelings,noun,1,,,,,
흥미,interest,noun,1,,,,,
흥미로움,interest,noun,1,,,,,
흥취,interest,noun,1,,Park_Min_2005,,,
가혹함,harshness,noun,1,,,,,
가혹함,mercilessness,noun,1,,,,,
감사,thankfulness,noun,1,,,,,
고마움,thankfulness,noun,1,,,,,
갑작스러움,abruptness,noun,1,,,,,
기대,expectation,noun,1,,,,,
기원,prayer,noun,1,,,,,
소망,wish,noun,1,,,,,
희망,hope,noun,1,,KOTE,,,
소원,wish,noun,1,,,,,
관심,interest,noun,1,,KOTE,,,
깜찍함,cuteness,noun,1,,,,,
귀여움,dearness,noun,1,,,,,
귀여움,cuteness,noun,1,,,,,
예쁨,prettiness,noun,1,,,,,
아름다움,beauty,noun,1,,,,,
기묘함,oddness,noun,1,,,,,
기묘함,peculiarity,noun,1,,,,,
묘함,peculiarity,noun,1,,,,,
묘함,oddness,noun,1,,,,,
낯섦,unfamiliarity,noun,1,,,,,
냉혹함,cold-bloodedness,noun,1,,,,,
냉혹함,cold-heartedness,noun,1,,,,,
달달함,sweetness,noun,1,,KOTE,,,
든든함,being reassured,noun,1,,,,,
든든함,feeling full,noun,1,,,,,
따뜻함,warmth,noun,1,,KOTE,,,
따뜻함,warm,noun,1,,,,,
두근두근,palpitating,noun,1,,Rhee_Ko_2013,,,
두근두근,pitpat,noun,1,,Rhee_Ko_2013,,,
먹먹함,,noun,0,lump in one's throat,,,,
마음고생,anguish,noun,1,,,,,
모욕감,sense of insult,noun,1,,Rhee_Ko_2013,,,
민감함,sensitivity,noun,1,,,,,
바보,idiot,noun,1,,Rhee_Ko_2013,,,
보고싶음,missing,noun,1,,,,,
부담스러움,burden,noun,1,,,,,
뻔뻔함,shamelessness,noun,1,,KOTE,,,
소중함,preciousness,noun,1,,KOTE,,,
소중함,value,noun,1,,KOTE,,,
스트레스,stress,noun,1,,Rhee_Ko_2013,,,
압박감,sense of pressure,noun,1,,KOTE,,,
시달림,suffering,noun,1,,,,,
신기함,surprise,noun,1,,,,,
신기함,fascination,noun,1,,,,,
썰렁함,chilliness,noun,1,,,,,
쓰라림,wrench,noun,1,,,,,
쓰라림,bitterness,noun,1,,,,,
쓰라림,sting,noun,1,,,,,
쓰라림,soreness,noun,1,,,,,
탐욕,avarice,noun,1,,,,,
탐욕,greed,noun,1,,,,,
욕심,greed,noun,1,,,,,
욕심,avarice,noun,1,,,,,
욕구,desire,noun,1,,,,,
욕망,desire,noun,1,,,,,
정욕,sexual desire,noun,1,,Park_Min_2005,,,
정욕,lust,noun,1,,Park_Min_2005,,,
열망,longing,noun,1,,,,,
오싹함,spookiness,noun,1,,,,,
용서,forgiveness,noun,1,,,,,
울컥,choking up,noun,1,,KOTE,,,
갈망,yearning,noun,1,,,,,
갈망,longing,noun,1,,,,,
동경,longing,noun,1,,,,,
동경,yearning,noun,1,,,,,
그리움,longing,noun,1,,,,,
그리움,wistfulness,noun,1,,,,,
향수,nostalgia,noun,1,,Park_Min_2005,,,
원함,wanting,noun,1,,,,,
은총,grace,noun,1,,KOTE,,,
은혜,grace,noun,1,,KOTE,,,
이끌림,attraction,noun,1,,,,,
인상적임,impressiveness,noun,1,,,,,
굉장함,impressiveness,noun,1,,,,,
자유로움,sense of freedom,noun,1,,,,,
자존심,ego,noun,1,,Rhee_Ko_2013,,,
잔인함,cruelty,noun,1,,,,,
절묘함,exquisiteness,noun,1,,,,,
절실함,desperation,noun,1,,,,,
존경심,admiration,noun,1,,,,,
지저분,messiness,noun,1,,KOTE,,,
지저분,dirtiness,noun,1,,KOTE,,,
축하,celebration,noun,1,,,,,
축하,congratulation,noun,1,,,,,
친절,kindness,noun,1,,Rhee_Ko_2013,,,
패닉,panic,noun,1,,Rhee_Ko_2013,,,
피곤함,fatigue,noun,1,,,,,
피곤함,tiredness,noun,1,,,,,
피곤함,weariness,noun,1,,,,,
힘겨움,difficulty,noun,1,,,,,
고됨,rigor,noun,1,,,,,
무기력,lethargy,noun,1,,,,,
활력,vigor,noun,1,,KOTE,,,
활기,vigor,noun,1,,,,,
혼란스러움,confusion,noun,1,,,,,
확신,confidence,noun,1,,KOTE,,,
확신,conviction,noun,1,,KOTE,,,
반발,opposition,noun,1,,KOTE,,,
비관,pessimism,noun,1,,KOTE,,,
항의,complaint,noun,1,,KOTE,,,
아픔,pain,noun,1,,KOTE,,,
아픔,sore,noun,1,,KOTE,,,
실신,fainting,noun,1,,KOTE,,,
까무러치다,faint,verb,1,,KOTE,,,
마지못함,relunctance,noun,1,,,,,
거부,refusal,noun,1,,KOTE,,,
재촉,push,noun,1,,KOTE,,,
단념,relinquishment,noun,1,,KOTE,,,
단념,abandonment,noun,1,,KOTE,,,
죄악시,villification,noun,1,,KOTE,,,
위험,danger,noun,1,,KOTE,,,
거짓,untruth,noun,1,,KOTE,,,
실패,failure,noun,1,,KOTE,,,
빼앗기다,be stolen,verb,1,,KOTE,,,
빼앗기다,be deprived,verb,1,,KOTE,,,
흐느낌,sob,noun,1,,KOTE,,,
싱거움,flavourlessness,noun,1,,,,,
싱거움,insipidity,noun,1,,,,,
싱거움,dullness,noun,1,,,,,
싱거움,insipidity,noun,1,,,,,
멍청,stupidity,noun,1,,KOTE,,,
칭찬,praise,noun,1,,KOTE,,,
찬사,praise,noun,1,,KOTE,,,
행운,luck,noun,1,,KOTE,,,
기특함,,noun,0,"The state of someone's remark or behavior being surprising, good, lovable, and deserving to be boasted",KOTE,,,
기특한,,adjective,0,"Someone's remark or behavior being surprising, good, lovable, and deserving to be boasted",,,,
원활,smoothness,noun,1,,KOTE,,,
환영,welcome,noun,1,,KOTE,,,
우호,agreeableness,noun,1,,KOTE,,,
호의,kindness,noun,1,,KOTE,,,
호의,goodwill,noun,1,,KOTE,,,
궁금증,curiosity,noun,1,,,,,
호기심,curiosity,noun,1,,KOTE,,,
신뢰,trust,noun,1,,KOTE,,,
친밀감,intimacy,noun,1,,KOTE,,,
친밀감,sense of closeness,noun,1,,KOTE,,,
충성심,sense of loyalty,noun,1,,,,,
충성,loyalty,noun,1,,KOTE,,,
충성,fidelity,noun,1,,KOTE,,,
존중,respect,noun,1,,KOTE,,,
숭상,glorification,noun,1,,KOTE,,,
숭상,reverence,noun,1,,KOTE,,,
복종,obedience,noun,1,,KOTE,,,
성공,success,noun,1,,KOTE,,,
승리,victory,noun,1,,KOTE,,,
승리,triumph,noun,1,,KOTE,,,
달성,achievement,noun,1,,KOTE,,,
달성,attainment,noun,1,,KOTE,,,
무시,disregard,noun,1,,KOTE,,,
거만,arrogance,noun,1,,KOTE,,,
교만,arrogance,noun,1,,KOTE,,,
교만하다,arrogant,adjective,1,,KOTE,,,
깨달음,enlightenment,noun,1,,KOTE,,,
깨우침,enlightenment,noun,1,,KOTE,,,
믿음,faith,noun,1,,KOTE,,,
결단,determination,noun,1,,KOTE,,,
결심,resolution,noun,1,,KOTE,,,
수락,acceptance,noun,1,,,,,
수용,acceptance,noun,1,,,,,
두려움,alarm,noun,1,,,,,
무서움,alarm,noun,1,,,,,
공포,alarm,noun,1,,,,,
놀람,alarm,noun,1,,,,,
재미,amusement,noun,1,,,,,
사과,apology,noun,1,,,,,
평가,appreciation,noun,1,,,,,
감정,appreciation,noun,1,,,,,
,appreciation,noun,0,가치를 알아봄,,,,
감사,appreciation,noun,1,,,,,
이해,appreciation,noun,1,,,,,
지각,appreciation,noun,1,,,,,
찬성,approval,noun,1,,,,,
승인,approval,noun,1,,,,,
평가,assessment,noun,1,,,,,
공격,attack,noun,1,,,,,
성가심,bother,noun,1,,,,,
타산,calculation,noun,1,,,,,
보살핌,care,noun,1,,,,,
조심,care,noun,1,,,,,
주의,care,noun,1,,,,,
노심초사,,noun,0,being on pins and needles,,,,
조심,anguish,noun,1,,,,,
도전,confrontation,noun,1,,,,,
응원,cheer,noun,1,,,,,
환호,cheer,noun,1,,,,,
유쾌,cheer,noun,1,,,,,
생기,cheer,noun,1,,,,,
경쾌,cheer,noun,1,,,,,
위로,commiseration,noun,1,,,,,
집중,concentration,noun,1,,,,,
대립,conflict,noun,1,,,,,
대치,confrontation,noun,1,,,,,
사려,thought,noun,1,,,,,
배려,consideration,noun,1,,,,,
지배,control,noun,1,,,,,
통제,control,noun,1,,,,,
협조,cooperation,noun,1,,,,,
협동,cooperation,noun,1,,,,,
합동,cooperation,noun,1,,,,,
협력,cooperation,noun,1,,,,,
용기,courage,noun,1,,,,,
겁쟁이,coward,noun,1,,,,,
비겁자,coward,noun,1,,,,,
기술,craft,noun,1,,,,,
기교,craft,noun,1,,,,,
,crank,noun,0,화를 잘 내는 사람,,,,
괴짜,crank,noun,1,,,,,
열망,craving,noun,1,,,,Baron-Cohen_2010,
갈망,craving,noun,1,,,,Baron-Cohen_2010,
,crush,noun,0,누군가에 대한 강렬하고 빠르게 피어나는 낭만적인 감정,,,,
모험,dare,noun,1,,,,,
도전,dare,noun,1,,,,,
백일몽,daydream,noun,1,,,,,
몽상,daydream,noun,1,,,,,
공상,daydream,noun,1,,,,,
,daze,noun,0,(특히 부상이나 충격으로 인해) 혼란스럽거나 멍해져 명확하게 생각할 수 없는 상태,,,,
수비,defense,noun,1,,,,,
방어,defense,noun,1,,,,,
요구,demand,noun,1,,,,,
무심함,detachment,noun,1,,,,,
헌신,devotion,noun,1,,,,,
몰두,devotion,noun,1,,,,,
전념,devotion,noun,1,,,,,
못마땅함,disapproval,noun,1,,,,Baron-Cohen_2010,
불신,disbelief,noun,1,,,,Baron-Cohen_2010,
불편,discomfort,noun,1,,,,Baron-Cohen_2010,
무관심,disinterest,noun,1,,,,,
객관적임,disinterest,noun,1,,,,,
사심없음,disinterest,noun,1,,,,,
공정함,disinterest,noun,1,,,,,
,dismay,noun,0,충격과 실망,,,,
,consternation,noun,0,경악과 실망,,,,
결례,disrespect,noun,1,,,,,
무례,disrespect,noun,1,,,,,
불쾌함,distaste,noun,1,,,,Baron-Cohen_2010,
역겨움,distaste,noun,1,,,,Baron-Cohen_2010,
,distraction,noun,0,머리를 식히게 해 주는 것,,,,
,distraction,noun,0,집중을 방해하는 것,,,,
괴로움,distress,noun,1,,,,Baron-Cohen_2010,
불신,distrust,noun,1,,,,Baron-Cohen_2010,
격려,encouragement,noun,1,,,,,
호의,favor,noun,1,,,,Baron-Cohen_2010,
아첨,flattery,noun,1,,,,,
주목,focus,noun,1,,,,,
바보,fool,noun,1,,,,,
친구,friend,noun,1,,,,,
너그러움,generosity,noun,1,,,,,
불평,grouch,noun,1,,,,,
,grouch,noun,0,불평이 많은 사람,,,,
,grump,noun,0,성격이 나쁜 사람,,,,
,hassle,noun,0,번거로운/귀찮은 상황/일,,,,
속병,heartache,noun,1,,,,Baron-Cohen_2010,
향수병,homesick,noun,1,,,,Baron-Cohen_2010,Morgan_Heise_1988
기분,humor,noun,1,,,,,
유머,humor,noun,1,,,,,
익살,humor,noun,1,,,,,
유머러스하다,humorous,adjective,1,,,,,
익살스럽다,humorous,adjective,1,,,,,
급함,hurry,noun,1,,,,,
서두름,hurry,noun,1,,,,,
무지,ignorance,noun,1,,,,,
무식,ignorance,noun,1,,,,,
성급함,impatience,noun,1,,,,,
안달,impatience,noun,1,,,,,
관여,involvement,noun,1,,,,,
열중,involvement,noun,1,,,,,
농담,joke,noun,1,,,,,
거짓말,lie,noun,1,,,,,
조소,mockery,noun,1,,,,,
조롱,mockery,noun,1,,,,,
기분,mood,noun,1,,,,,
살인,murder,noun,1,,,,,
,murder,noun,0,살인적인 (죽을 지경인) 것,,,,
욕구,need,noun,1,,,,,
필요,need,noun,1,,,,,
소홀,neglect,noun,1,,,,,
도외시,neglect,noun,1,,,,,
방치,neglect,noun,1,,,,,
무감각함,numbness,noun,1,,,,,
멍함,numbness,noun,1,,,,,
망연자실,numbness,noun,1,,,,,
강박,obsession,noun,1,,,,,
집착,obsession,noun,1,,,,,
심취,obsession,noun,1,,,,,
불쾌함,displeasure,noun,1,,,,,
초조,restlessness,noun,1,,,,,
역겨움,revulsion,noun,1,,,,Storm_Storm_1987,
앙심,spitefulness,noun,1,,,,,
바람,wishfulness,noun,1,,,,,
혐오,hatred,noun,1,,,,Storm_Storm_1987,
우울,depression,noun,1,,,,Storm_Storm_1987,
즐거움,amusement,noun,1,,,,Storm_Storm_1987,
쾌활함,cheerfulness,noun,1,,,,Storm_Storm_1987,
유쾌,gaiety,noun,1,,,,Storm_Storm_1987,
흥겨움,gaiety,noun,1,,,,Storm_Storm_1987,
황홀,ecstasy,noun,1,,,,Storm_Storm_1987,
의기양양,jubilation,noun,1,,,,Storm_Storm_1987,
만족,contentment,noun,1,,,,Storm_Storm_1987,
성마름,petulance,noun,1,,,,Storm_Storm_1987,
졸림,sleepiness,noun,1,,,,Storm_Storm_1987,
각성도,alertness,noun,1,,,,Storm_Storm_1987,
기민함,alertness,noun,1,,,,Storm_Storm_1987,
흠모,adoration,noun,1,,,,Storm_Storm_1987,
부드러움,tenderness,noun,1,,,,Storm_Storm_1987,
사려 깊음,thoughtfulness,noun,1,,,,Storm_Storm_1987,
경악,astoundment,noun,1,,,,,
대경실색,astoundment,noun,1,,,,,
기운없음,cheerlessness,noun,1,,,,,
활기없음,cheerlessness,noun,1,,,,,
당황,fluster,noun,1,,,,,
분노,ire,noun,1,,,,,
노여움,ire,noun,1,,,,,
짜증,irk,noun,1,,,,,
창피함,mortification,noun,1,,,,,
모멸감,mortification,noun,1,,,,,
분함,resentment,noun,1,,,,,
억울함,resentment,noun,1,,,,,
분개,resentment,noun,1,,,,,
답답함,stuffiness,noun,1,,,,,
답답함,stuffiness,noun,1,,,,,
답답함,,noun,0,(1) physical; a feeling of discomfort as if the chest or stomach is clogged up,,,,
답답함,,noun,0,"(2) The feeling of unsatisfaction and upsetness due to someone's attitude, behavior, or situation not meeting one's expectation the difficulty to make it better",,,,
감탄하다,wonder,verb,1,,Park_Min_2005,,,
기고만장하다,be enraged,verb,1,,Park_Min_2005,,,
통곡하다,lament,verb,1,,,,,
통곡하다,wail,verb,1,,,,,
싫어하다,dislike,verb,1,,,,,
반하다,be enamored,verb,1,,Park_Min_2005,,,
반하다,fall for,verb,1,,Park_Min_2005,,,
설레다,flutter,verb,1,also: feel butterflies in one's stomach,Park_Min_2005,,,
애도하다,mourn,verb,1,,Park_Min_2005,,,
애도하다,bemoan,verb,1,,,,,
애도하다,lament,verb,1,,Park_Min_2005,,,
애도하다,grieve,verb,1,,Park_Min_2005,,,
애통해하다,lament,verb,1,,,,,
애통해하다,deplore,verb,1,,,,,
주눅들다,quail at,verb,1,,Park_Min_2005,,,
감사하다,appreciate,verb,1,,Rhee_Ko_2013,,,
기대하다,expect,verb,1,,Rhee_Ko_2013,,,
울컥하다,,verb,0,be choked up,Rhee_Ko_2013,,,
,consternate,verb,0,경악하게 하고 실망하게 하다,,,,
연민하다,pity,verb,1,,,,,
동정하다,sympathize,verb,1,,Park_Min_2005,,,
갈등하다,conflict,verb,1,,,,,
찡하다,,verb,0,be choked up,Park_Min_2005,,,
감복하다,admire,verb,1,,Park_Min_2005,,,
감복하다,overawe,verb,1,,Park_Min_2005,,,
경탄하다,admire,verb,1,,Park_Min_2005,,,
경탄하다,wonder,verb,1,,Park_Min_2005,,,
개탄하다,lament,verb,1,,Park_Min_2005,,,
개탄하다,deplore,verb,1,,Park_Min_2005,,,
비분강개하다,deplore,verb,1,,Park_Min_2005,,,
염려하다,worry,verb,1,,Park_Min_2005,,,
염려하다,be apprehensive,verb,1,,Park_Min_2005,,,
염려하다,be concerned,verb,1,,Park_Min_2005,,,
우려하다,worry,verb,1,,Park_Min_2005,,,
우려하다,be concerned,verb,1,,Park_Min_2005,,,
우려하다,be apprehensive,verb,1,,Park_Min_2005,,,
걱정하다,worry,verb,1,,Park_Min_2005,,,
근심하다,apprehend,verb,1,,Park_Min_2005,,,
근심하다,worry,verb,1,,Park_Min_2005,,,
겁내다,fear,verb,1,,,,,
겁나다,be scared,verb,1,,Park_Min_2005,,,
겁나다,be afraid,verb,1,,Park_Min_2005,,,
무서워하다,fear,verb,1,,,,,
두려워하다,fear,verb,1,,,,,
성나다,be angry,verb,1,,Park_Min_2005,,,
성내다,be angry,verb,1,,Park_Min_2005,,,
역정내다,be enraged,verb,1,,,,,
노하다,be angry,verb,1,,Park_Min_2005,,,
노발대발하다,be enraged,verb,1,,,,,
노발대발하다,be furious,verb,1,,,,,
노발대발하다,be outraged,verb,1,,,,,
노발대발하다,be infuriated,verb,1,,,,,
노발대발하다,be enraged,verb,1,,,,,
분개하다,resent,verb,1,,Park_Min_2005,,,
분개하다,be infuriated,verb,1,,Park_Min_2005,,,
분개하다,be outraged,verb,1,,Park_Min_2005,,,
분개하다,be indignant,verb,1,,Park_Min_2005,,,
분노한,enraged,adjective,1,,,,,
분노한,furious,adjective,1,,,,,
분노하다,be enraged,verb,1,,Park_Min_2005,,,
분노하다,be furious,verb,1,,Park_Min_2005,,,
골나다,be angry,verb,1,,Park_Min_2005,,,
골나다,be enraged,verb,1,,Park_Min_2005,,,
욱하다,,verb,0,"be flared up, lose one's temper",Rhee_Ko_2013,,,
분하다,resentful,adjective,1,,Park_Min_2005,,,
화내다,be mad,verb,1,,,,,
화내다,be angry,verb,1,,,,,
동요하다,be unsettled,verb,1,,Park_Min_2005,,,
동요하다,be agitated,verb,1,,Park_Min_2005,,,
동요하다,be shaken,verb,1,,Park_Min_2005,,,
동요하다,be disturbed,verb,1,,Park_Min_2005,,,
격정적인,passionate,adjective,1,,,,,
열정적인,enthusiastic,adjective,1,,,,,
열정적인,passionate,adjective,1,,,,,
격하다,be short-tempered,verb,1,,Park_Min_2005,,,
발끈하다,be short-tempered,verb,1,,Park_Min_2005,,,
경악하다,be amazed,verb,1,,Park_Min_2005,,,
경악하다,be appalled,verb,1,,Park_Min_2005,,,
경악하다,be staggered,verb,1,,Park_Min_2005,,,
경악하다,be astonished,verb,1,,Park_Min_2005,,,
경애하다,,verb,0,respect and love,Park_Min_2005,KOTE,,
경외하다,,verb,0,"be in awe of, stand in awe of",Park_Min_2005,,,
희희낙락하다,rejoice,verb,1,,Park_Min_2005,,,
희희낙락하다,be exhilarated,verb,1,,Park_Min_2005,,,
희희낙락하다,be delighted,verb,1,,Park_Min_2005,,,
희희낙락하다,be elated,verb,1,,Park_Min_2005,,,
즐기다,relish,verb,1,,Park_Min_2005,,,
즐기다,enjoy,verb,1,,Park_Min_2005,,,
흥나다,be merry,verb,1,,Park_Min_2005,,,
흥나다,be excited,verb,1,,Park_Min_2005,,,
신이 난,excited,adjective,1,,,,,
신나다,be excited,verb,1,,Park_Min_2005,,,
신나다,be gleeful,verb,1,,Park_Min_2005,,,
신명나다,worry,verb,1,,Park_Min_2005,,,
신바람나다,be excited,verb,1,,Park_Min_2005,,,
낙담하다,agonize,verb,1,,Park_Min_2005,,,
낙망하다,torment,verb,1,,Park_Min_2005,,,
낙심하다,be discouraged,verb,1,,Park_Min_2005,,,
낙심하다,suffer,verb,1,,Park_Min_2005,,,
낙심하다,be disheartened,verb,1,,Park_Min_2005,,,
낙망한,disappointed,adjective,1,,,,,
실망한,disappointed,adjective,1,,,,,
낙심한,disappointed,adjective,1,,,,,
낙심한,disheartened,adjective,1,,,,Baron-Cohen_2010,
맥빠지다,be dispirited,verb,1,,Park_Min_2005,KOTE,,
맥빠지다,be discouraged,verb,1,,Park_Min_2005,KOTE,,
실망하다,be disappointed,verb,1,,Park_Min_2005,,,
민망해하다,cringe,verb,1,,,,,
노심초사하다,,verb,0,be on pins and needles,Park_Min_2005,,,
속태우다,fret,verb,1,,,,,
고뇌하는,agonizing,adjective,1,,,,,
고뇌하다,anguish,verb,1,,Park_Min_2005,,,
고민하다,agonize,verb,1,,Park_Min_2005,,,
고민하다,debate,verb,1,,Park_Min_2005,,,
고민하는,agonizing,adjective,1,,,,,
고민하는,thinking,adjective,1,,,,Baron-Cohen_2010,
번뇌하다,anguish,verb,1,,Park_Min_2005,,,
번뇌하다,suffer,verb,1,,Park_Min_2005,,,
번민하다,suffer,verb,1,,Park_Min_2005,,,
번민하다,anguish,verb,1,,Park_Min_2005,,,
고심하다,,verb,0,"take pains, rack one's brains",,,,
공감하다,empathize,verb,1,,Park_Min_2005,,,
공허하다,empty,adjective,1,,Park_Min_2005,,,
교감하다,commune,verb,1,,Park_Min_2005,,,
우쭐하다,be proud,verb,1,,Park_Min_2005,,,
우쭐하다,be complacent,verb,1,,Park_Min_2005,,,
놀라다,be surprised,verb,1,,Park_Min_2005,,,
소스라치다,be terrified,verb,1,,KOTE,,,
소스라치다,be flabbergasted,verb,1,,KOTE,,,
위압하다,overwhelm,verb,1,,,,,
위압하다,overawe,verb,1,,,,,
압도하다,overwhelm,verb,1,,,,,
압도하다,overawe,verb,1,,,,,
위축되다,be intimidated,verb,1,,,,,
위축되다,be daunted,verb,1,,,,,
위축되다,be withered,verb,1,,,,,
기죽다,be withered,verb,1,,Park_Min_2005,,,
기죽다,be daunted,verb,1,,Park_Min_2005,,,
기죽다,be discouraged,verb,1,,Park_Min_2005,,,
기죽다,be downhearted,verb,1,,Park_Min_2005,,,
기죽다,be dispirited,verb,1,,Park_Min_2005,,,
긴장하다,be nervous,verb,1,,Park_Min_2005,,,
긴장하다,be strained,verb,1,,Park_Min_2005,,,
꺼리다,be reluctant,verb,1,,Park_Min_2005,,,
꺼리다,mind,verb,1,,Park_Min_2005,,,
꺼리다,shun,verb,1,,Park_Min_2005,,,
꺼리다,avoid,verb,1,,Park_Min_2005,,,
만족하다,be content,verb,1,,Park_Min_2005,,,
흐뭇하다,content,adjective,1,,Park_Min_2005,,,
흡족하다,content,adjective,1,,Park_Min_2005,,,
맘놓다,be relieved,verb,1,also: be at ease,Park_Min_2005,,,
안심하다,be relieved,verb,1,also: be at ease,,,,
마음놓다,be relieved,verb,1,also: be at ease,,,,
망설이다,hesitate,verb,1,,Park_Min_2005,,,
망연자실하다,be devastated,verb,1,,Park_Min_2005,,,
매료되다,be mesmerized,verb,1,,Park_Min_2005,,,
매료되다,be captivated,verb,1,,Park_Min_2005,,,
사로잡히다,be fascinated,verb,1,,,,,
사로잡히다,be captivated,verb,1,,,,,
사로잡히다,be caught,verb,1,,,,,
매혹되다,be captivated,verb,1,,,,,
매혹되다,be mesmerized,verb,1,,,,,
혼비백산하다,be frightened,verb,1,,Park_Min_2005,,,
혼비백산하다,be terrified,verb,1,,Park_Min_2005,,,
울다,cry,verb,1,,,,,
대성통곡하다,wail,verb,1,,,,,
대성통곡하다,lament,verb,1,,,,,
후회하다,regret,verb,1,,Park_Min_2005,,,
회개하다,repent,verb,1,,,,,
반성하다,repent,verb,1,,,,,
반성하다,reflect,verb,1,,,,,
뉘우치다,repent,verb,1,,Park_Min_2005,,,
뉘우치다,regret,verb,1,,Park_Min_2005,,,
한탄하다,lament,verb,1,,Park_Min_2005,,,
달갑다,be pleased,verb,1,,,,,
달갑다,be happy,verb,1,,,,,
달가워하다,welcome,verb,1,,Park_Min_2005,,,
달가워하다,be happy,verb,1,,Park_Min_2005,,,
달가워하다,be pleased,verb,1,,Park_Min_2005,,,
지치다,be sickened,verb,1,"also: be tired of, be fed up",Rhee_Ko_2013,,,
지치다,be weary,verb,1,weary (of),,,,
질리다,be nauseated,verb,1,,Park_Min_2005,KOTE,,
질리다,be weary,verb,1,be weary (of),Park_Min_2005,KOTE,,
질리다,be sickened,verb,1,,Park_Min_2005,KOTE,,
질리다,be terrified,verb,1,,,,,
질리다,be frightened,verb,1,,,,,
질리다,turn pale,verb,0,turn pale,,,,
싫증나다,be weary,verb,1,"be weary (of). also: be fed up, be tired of, be sick of",Park_Min_2005,,,
신물나다,be disgusted,verb,1,"be disgusted (of), (with)",Park_Min_2005,,,
진저리나다,be disgusted,verb,1,"also, be sick of / be fed up",Park_Min_2005,,,
넌더리나다,be disgusted,verb,1,"also, be sick of / be fed up",,,,
당혹하다,be baffled,verb,1,,Park_Min_2005,,,
당혹하다,be bewildered,verb,1,,Park_Min_2005,,,
당혹하다,be puzzled,verb,1,,Park_Min_2005,,,
당혹하다,be perplexed,verb,1,,Park_Min_2005,,,
당혹하다,be confounded,verb,1,,Park_Min_2005,,,
당황하다,be baffled,verb,1,,Park_Min_2005,,,
당황하다,be confounded,verb,1,,Park_Min_2005,,,
당황하다,be perplexed,verb,1,,Park_Min_2005,,,
당황하다,be bewildered,verb,1,,Park_Min_2005,,,
당황하다,be puzzled,verb,1,,Park_Min_2005,,,
도취하다,be fascinated,verb,1,,Park_Min_2005,,,
도취하다,be enraptured,verb,1,,Park_Min_2005,,,
사랑하다,love,verb,1,,,,,
사모하다,love,verb,1,,Park_Min_2005,,,
연모하다,love,verb,1,,Park_Min_2005,,,
흠모하다,admire,verb,1,,Park_Min_2005,,,
머쓱하다,embarrassed,adjective,1,,Park_Min_2005,,,
머쓱하다,awkward,adjective,1,,Park_Min_2005,,,
적대하다,be hostile,verb,1,,,,,
적대하다,antagonize,verb,1,,,,,
혐오하다,loathe,verb,1,,Park_Min_2005,,,
혐오하다,hate,verb,1,,Park_Min_2005,,,
혐오하다,abhor,verb,1,,Park_Min_2005,,,
증오하다,deplore,verb,1,,Park_Min_2005,,,
증오하다,detest,verb,1,,Park_Min_2005,,,
질색하다,detest,verb,1,,Park_Min_2005,,,
질색하다,be aversive,verb,1,,Park_Min_2005,,,
질색하다,loathe,verb,1,,Park_Min_2005,,,
질색하다,despise,verb,1,,Park_Min_2005,,,
경멸하다,disdain,verb,1,,Park_Min_2005,,,
경멸하다,contemn,verb,1,,Park_Min_2005,,,
경멸하다,despise,verb,1,,Park_Min_2005,,,
모멸하다,contemn,verb,1,,,,,
모멸하다,disdain,verb,1,,,,,
모멸하다,despise,verb,1,,,,,
멸시하다,despise,verb,1,,,,,
멸시하다,disdain,verb,1,,,,,
멸시하다,condemn,verb,1,,,,,
비난하다,condemn,verb,1,,Rhee_Ko_2013,,,
토라지다,turn sulky,verb,1,,Park_Min_2005,,,
처지다,sag,verb,1,,Rhee_Ko_2013,,,
처지다,be depressed,verb,1,,Rhee_Ko_2013,,,
찔리다,be pricked,verb,1,,,,,
찔리다,be stabbed,verb,1,,,,,
찔리다,feel guilty,verb,1,,,,,
찔리다,,verb,0,feel pangs of guilt,,,,
켕기다,be tightened,verb,1,,,,,
선호하다,prefer,verb,1,,Park_Min_2005,,,
흥분하다,be excited,verb,1,,,,,
소름끼치다,be creepy,verb,1,,Park_Min_2005,,,
슬퍼하다,be sad,verb,1,,,,,
슬퍼하다,be sorrowful,verb,1,,,,,
서러워하다,sorrow,verb,1,,Park_Min_2005,,,
설워하다,sorrow,verb,1,,Park_Min_2005,,,
비탄하다,mourn,verb,1,,Park_Min_2005,,,
비탄하다,bewail,verb,1,,Park_Min_2005,,,
시기하다,envy,verb,1,,Park_Min_2005,,,
시기하다,begrudge,verb,1,,Park_Min_2005,,,
샘내다,envy,verb,1,,Park_Min_2005,,,
질투하다,be jealous,verb,1,,Park_Min_2005,,,
상심하다,be heartbroken,verb,1,,Park_Min_2005,,,
심려하다,worry,verb,1,,Park_Min_2005,,,
거슬리다,be irritated,verb,1,,Rhee_Ko_2013,,,
통탄하다,lament,verb,1,,Park_Min_2005,,,
통탄하다,bewail,verb,1,,Park_Min_2005,,,
아연실색하다,be dumbstruck,verb,1,,Park_Min_2005,,,
아연실색하다,be dumbfounded,verb,1,,Park_Min_2005,,,
안달복달하다,be fussy,verb,1,,Park_Min_2005,,,
안달하다,be fussy,verb,1,,Park_Min_2005,,,
안도하다,be relieved,verb,1,,Park_Min_2005,,,
안정되다,be stable,verb,1,,Park_Min_2005,,,
안정되다,be stable,verb,1,,Park_Min_2005,,,
애정하다,love,verb,1,,,,,
애지중지하다,cherish,verb,1,,Park_Min_2005,,,
애지중지하다,treasure,verb,1,,Park_Min_2005,,,
열광하다,be fanatic,verb,1,,Park_Min_2005,,,
열광하다,be frantic,verb,1,,Park_Min_2005,,,
좌절하다,be frustrated,verb,1,,Park_Min_2005,,,
이뻐하다,adore,verb,1,,Park_Min_2005,,,
예뻐하다,adore,verb,1,,,,,
자부하다,be conceited,verb,1,,Park_Min_2005,,,
자부하다,be confident,verb,1,,Park_Min_2005,,,
자신하다,be confident,verb,1,,,,,
자족하다,be satisfied,verb,1,,Park_Min_2005,,,
자족하다,be content,verb,1,,Park_Min_2005,,,
자책하다,,verb,0,blame onself,Park_Min_2005,,,
질책하다,reprimand,verb,1,,,,,
질책하다,reproach,verb,1,,,,,
질책하다,rebuke,verb,1,,,,,
질책하다,blame,verb,1,,,,,
책망하다,reproach,verb,1,,,,,
책망하다,rebuke,verb,1,,,,,
책망하다,blame,verb,1,,,,,
책망하다,reprimand,verb,1,,,,,
탓하다,accuse,verb,1,,,,,
탓하다,blame,verb,1,,,,,
절망하다,despair,verb,1,,Park_Min_2005,,,
자포자기하다,be desperate,verb,1,,,,,
친애하다,love,verb,1,,Park_Min_2005,,,
짜증내다,be cranky,verb,1,,Park_Min_2005,,,
짜증내다,be annoyed,verb,1,,Park_Min_2005,,,
짝사랑하다,,verb,0,be in unrequited love,Park_Min_2005,,,
체념하다,give up,verb,1,,Park_Min_2005,,,
체념하다,resign,verb,1,,Park_Min_2005,,,
개의하다,mind,verb,1,,,,,
개의치않다,,verb,0,don't mind,Rhee_Ko_2013,,,
고대하다,anticipate,verb,1,,Rhee_Ko_2013,,,
기원하다,wish,verb,1,,Rhee_Ko_2013,,,
기원하다,pray,verb,1,,Rhee_Ko_2013,,,
소망하다,wish,verb,1,,Rhee_Ko_2013,,,
희망하다,hope,verb,1,,Rhee_Ko_2013,,,
소원하다,wish,verb,1,,Rhee_Ko_2013,,,
느끼다,feel,verb,1,,Rhee_Ko_2013,,,
무시하다,disregard,verb,1,,Rhee_Ko_2013,,,
무시하다,ignore,verb,1,,Rhee_Ko_2013,,,
보고싶다,miss,verb,1,,Rhee_Ko_2013,,,
다치다,get hurt,verb,1,,,,,
상처받다,be hurt,verb,1,,Rhee_Ko_2013,,,
,cherish,verb,0,소중히 여기다,,,,
욕망하다,desire,verb,1,,,,,
열망하다,long,verb,1,long (for),Rhee_Ko_2013,,Baron-Cohen_2010,
열망하다,aspire,verb,1,,Rhee_Ko_2013,,,
갈망하다,long,verb,1,long (for),,,Baron-Cohen_2010,
용서하다,forgive,verb,1,,Rhee_Ko_2013,,,
갈망하다,yearn,verb,1,yearn (for),,,,
갈망하다,long,verb,1,long (for),,,Baron-Cohen_2010,
동경하다,long,verb,1,long (for),Park_Min_2005,,,
동경하다,yearn,verb,1,yearn (for),Park_Min_2005,,,
그리워하다,be wistful,verb,1,,,,,
그리워하다,miss,verb,1,,,,,
그리워하다,long,verb,1,long (for),,,Baron-Cohen_2010,
원하다,want,verb,1,,Rhee_Ko_2013,,,
유혹하다,entice,verb,1,,Rhee_Ko_2013,,,
이끌리다,,verb,0,"(1) be led, be guided to",Rhee_Ko_2013,,,
이끌리다,,verb,0,"(2) be attracted to, be drawn to",Rhee_Ko_2013,,,
조심하다,be careful,verb,1,,Rhee_Ko_2013,,,
존경하다,admire,verb,1,,Rhee_Ko_2013,,,
찬양하다,worship,verb,1,,Rhee_Ko_2013,,,
참다,hold back,verb,1,,Rhee_Ko_2013,,,
취하다,be captivated,verb,1,,Rhee_Ko_2013,,,
축하하다,congratulate,verb,1,,Rhee_Ko_2013,,,
축하하다,celebrate,verb,1,,Rhee_Ko_2013,,,
충격받다,be shocked,verb,1,,Rhee_Ko_2013,,,
야위다,,verb,0,become thin,KOTE,,,
힘내다,,verb,0,cheer up,Rhee_Ko_2013,,,
확신하다,be convinced,verb,1,,Rhee_Ko_2013,,,
애쓰다,strive,verb,1,,KOTE,,,
베풀다,give,verb,1,,KOTE,,,
아끼다,value,verb,1,,,,,
아끼다,cherish,verb,1,,,,,
아끼다,treasure,verb,1,,,,,
아끼다,save,verb,1,,,,,
달성하다,achieve,verb,1,,,,,
이루다,achieve,verb,1,,KOTE,,,
신뢰하다,trust,verb,1,,,,,
숭상하다,glorify,verb,1,,,,,
숭상하다,esteem,verb,1,,,,,
숭상하다,revere,verb,1,,,,,
본받다,emulate,verb,1,,KOTE,,,
얕잡아보다,,verb,0,look down on,KOTE,,,
업신여기다,disregard,verb,1,,KOTE,,,
일깨우다,enlighten,verb,1,,KOTE,,,
알리다,alert,verb,1,,,,Baron-Cohen_2010,
경계하다,alert,verb,1,,,,,
감정하다,appreciate,verb,1,,,,Baron-Cohen_2010,
평가하다,appreciate,verb,1,,,,Baron-Cohen_2010,
,appreciate,verb,0,가치를 알아보다,,,,
고마워하다,appreciate,verb,1,,,,,
지각하다,appreciate,verb,1,,,,,
이해하다,appreciate,verb,1,,,,,
찬성하다,approve,verb,1,,,,,
성가시게 하다,bother,verb,1,,,,,
,dismay,verb,0,경악시키고 실망시키다,,,,
불신하다,distrust,verb,1,,,,Baron-Cohen_2010,
,favor,verb,0,호의를 베풀다,,,Baron-Cohen_2010,
선호하다,favor,verb,1,,,,Baron-Cohen_2010,
지지하다,favor,verb,1,,,,Baron-Cohen_2010,
나이스,nice,interjection,1,,Rhee_Ko_2013,,,
떨림,nervousness,noun,1,also: feel butterflies in one's stomach,,,,
떨림,flutter,noun,1,also: feel butterflies in one's stomach,,,,
떨리다,flutter,verb,1,,,,,
매력,charm,noun,1,,,,,
,giving,adjective,0,"Eng-Kor dictionary has emotive translation, but english dictionary doesn't",,,Baron-Cohen_2010,
